keyword,ebay_title,ebay_url,ebay_seller,ebay_seller_feedback,ebay_seller_score,ebay_price_usd,ebay_buyer_shipping_usd,ebay_image,supplier_source,supplier_name,supplier_url,supplier_price_jpy,supplier_shop,supplier_condition,match_score,fvf_category,duty_category,weight_kg,gross_revenue_usd,total_ebay_fees_usd,shipping_cost_usd,shipping_cost_jpy,purchase_price_usd,fx_loss_usd,us_import_duty_usd_buyer_pays,us_import_duty_rate,net_profit_usd,net_profit_jpy,profit_margin_pct,breakeven_purchase_jpy,fx_rate_usd_jpy,market_total_listed,market_unique_sellers,market_jp_sellers,market_us_sellers,market_price_min_usd,market_price_median_usd,market_price_p75_usd,market_price_max_usd,evidence_score,evidence_verdict,demand_signal,competition_signal,price_competitiveness,evidence_rationale
Skyline GT-R R34 OEM,Nismo Genuine Oil filler cap Skyline GT-R R32 R34 R35 Silvia 15255-RN015 OEM New,https://www.ebay.com/itm/176366237356?_skw=Skyline+GT-R+R34+OEM&hash=item29103f36ac:g:ClwAAOSwft1mhgM8,tsurugi_motors,100.0,7191,65.09,12.35,https://i.ebayimg.com/images/g/ClwAAOSwft1mhgM8/s-l225.jpg,rakuten,即納 NISMO ニスモ オイルフィラーキャップ スカイライン GT-R BNR32/BCNR33/BNR34 RB26DETT 15255-RN015 ニッサン (660191006,https://item.rakuten.co.jp/auc-trust1994/660191006-022/?variantId=660191006-022,6866,トラスト企画,new,84.1,default,default,1.0,77.44,13.84,19.29,3020,39.86,0.57,9.76,0.15,0.69,107,0.89,6983,156.56,2316,38,48,31,32.77,142.04,275.99,1679.99,57.5,weak,high,healthy,loses,競合セラー=39人(healthy) / 同型番=2セラー / 総出品=2316件 / $ 65vs中央$ 139(loses) / 最古出品から3151日 / 上位セラー評価=1181574
HKS turbo Toyota Supra,HKS Turbo Timer Harness 4103-RT007 for 1997-1998 TOYOTA SUPRA,https://www.ebay.com/itm/155528341073?_skw=HKS+turbo+Toyota+Supra&hash=item2436362651:g:oWEAAOSwQrhkTHZk,jpanime2014,99.8,40030,33.0,0.0,https://i.ebayimg.com/images/g/oWEAAOSwQrhkTHZk/s-l225.jpg,rakuten,HKS 電子系パーツ タイマーハーネス TT-7ブリスター 4103-RT007,https://item.rakuten.co.jp/bouro/20250912173109_223/?variantId=20250912173109_223,2764,bouro楽天市場店,unknown,82.8,toys,toys,0.6,33.0,6.55,19.29,3020,16.04,0.24,3.3,0.1,-12.32,-1929,-37.34,641,156.56,288,37,7,72,33.0,446.13,790.0,1967.36,50.8,weak,high,healthy,loses,競合セラー=37人(healthy) / 同型番=1セラー / 総出品=288件 / $ 33vs中央$ 446(loses) / 最古出品から4657日 / 上位セラー評価=194767
HKS turbo Toyota Supra,HKS 70019-AT106 Air Intake Filter For 97-02 Toyota Supra Turbo JZA80 2JZGTE VVTi,https://www.ebay.com/itm/356856251623?_skw=HKS+turbo+Toyota+Supra&hash=item53164a44e7:g:sQ0AAOSw9s5lTNl0&amdata=enc%3AAQALAAAA8ACCtXRWQnOEpyOqnQQ8KGaaKLthFTAMYp9O9GUTXFflV3QtcqTc5Hb35tFZ%2Bn09NxNk3YX6GG6%2FJTGdFSw8psumAB73G7l5Fk8m9dpthuVgX%2FZYONxGTM6Lwf%2F8Vr7zGFX6ZyBUBPOmZl1VtGZdWjnIYx9OKOBIOkZ7u6c5343tssv%2FV9Ydlh%2BAItfR812tw3frpj7%2BFGU8TToHiI%2FoXSBz0cPBw99NE9RO0xauxgFkCX1Hi1WhGbdAUPkQilNZm4EruaknNnIMjumLNC1cwv5zoABx%2BuG121WYkFxVYFKS91wl5z070c8LH%2FCgrYj24Q%3D%3D,blackbelt369,99.6,355,344.3,50.0,https://i.ebayimg.com/images/g/sQ0AAOSw9s5lTNl0/s-l225.jpg,rakuten,70019-AT106 HKS Super Power Flow (スーパーパワーフロー) トヨタ スープラ JZA80 2JZ-GTE 97/08-02/08,https://item.rakuten.co.jp/powerweb-19/hks23000450/?variantId=hks23000450,28649,パワーウェブ2号店,unknown,84.3,toys,toys,0.6,394.3,73.94,19.29,3020,166.35,2.88,34.43,0.1,128.65,20141,32.63,50803,156.56,288,37,7,72,33.0,446.13,790.0,1967.36,70.0,moderate,high,healthy,loses,競合セラー=37人(healthy) / 同型番=5セラー / 総出品=288件 / $ 344vs中央$ 446(loses) / 最古出品から4657日 / 上位セラー評価=194767
HKS turbo Toyota Supra,HKS Intake Fits: 97-02 Toyota Supra Turbo 2JZ-GTE VVT-i 70019-AT106 F/S Air,https://www.ebay.com/itm/226665300008?_skw=HKS+turbo+Toyota+Supra&hash=item34c64e0028:g:XDIAAeSwswdn43Ou&amdata=enc%3AAQALAAAA8ACCtXRWQnOEpyOqnQQ8KGa6ivSLkJfdIeGqmnWWqT7vwtmmxCb1Q4ZOvy5R6by68AUmK66u8TMhn5lq%2Fo2R0kkkjeUj%2BXKK0g%2B8rpyVSWJSce8D96P3GGYm0sS3Ge78sAlypVgZY4yOJ4GtXca%2Fr%2Bk9Fmj8c6QTqhWb1r7e05X1Diz63j61X0z6Y1DSlYGoSODTbDTE0ofufS%2FmrArdNqyvNO%2BJ1BfQbU6i%2BW11u5HeTVnJqywI3xljM05mGDUyRhtEjVJi3wMGC9FJLacvoeqJYoR%2B5paO1lUsm3InDMXDcuflNOFpReZp1XM6pCUSIA%3D%3D,japan-smile_52,99.6,577,448.67,100.0,https://i.ebayimg.com/images/g/XDIAAeSwswdn43Ou/s-l225.jpg,yahoo_shopping,HKS スーパーパワーフロー Φ200-100/Green スープラ JZA80 2JZ-GTE 97/08-02/08 70019-AT106,https://store.shopping.yahoo.co.jp/partsya-san/70019at106-1.html?sc_i=shopping-pc-web-result-item-rsltlst-title,26610,partsya-san,unknown,83.5,toys,toys,0.6,548.67,102.73,19.29,3020,154.51,4.01,44.87,0.1,264.94,41479,48.29,72236,156.56,288,37,7,72,33.0,446.13,790.0,1967.36,82.4,strong,high,healthy,parity,競合セラー=37人(healthy) / 同型番=5セラー / 総出品=288件 / $ 449vs中央$ 446(parity) / 最古出品から4657日 / 上位セラー評価=194767
HKS turbo Toyota Supra,HKS 1JZGTE 2JZGTE For Toyota Lexus Aristo GS300 SC300 Soarer Supra Cam Gear,https://www.ebay.com/itm/397598795073?fits=Submodel%3ATurbo%7CModel%3ASupra%7CMake%3AToyota&_skw=HKS+turbo+Toyota+Supra&hash=item5c92bc2541:g:kF4AAeSwKBBpjV4S&amdata=enc%3AAQALAAAA8ACCtXRWQnOEpyOqnQQ8KGbcdpDkvJAAU5tf9MM0Mb2UjcD03vugHej5V7DECQ1LOqWmWq9RBONrFoatha9hxtkF2Xl3YaRvN6iUx8Joasl6oWY%2Fs4JOgJM2YbEGfMmMCK46qov4aGzoJtv0PB2f1tt0c%2FFZchScvCYqzauQZR0ojF1eNDfUJG5XfRJdvoeTq1OTK082MgFBlH0S7JA4Xavr2ZEL5d61myI4Kc6GCP%2Bd8XDdGhe08EuesovFW0I39nD5BWgR5ri81uoIWvIKyuagBwU4eMt2ZTZcIDO9sOjv15GDEy3ynTiv8tJarvYQ3A%3D%3D,tofuautogarage,100.0,370,157.68,42.5,https://i.ebayimg.com/images/g/kF4AAeSwKBBpjV4S/s-l225.jpg,amazon,DIXCEL ディクセル ブレーキパッド Mタイプ リア グリース付き LEXUS対応 GS200t/GS300 ARL10 315543 M,https://www.amazon.co.jp/dp/B0CJLQN1DY,13992,Amazon.co.jp,new,80.8,toys,toys,0.6,200.18,37.73,19.29,3020,81.24,1.46,15.77,0.1,57.26,8965,28.61,23852,156.56,288,37,7,72,33.0,446.13,790.0,1967.36,57.5,weak,high,healthy,loses,競合セラー=37人(healthy) / 同型番=2セラー / 総出品=288件 / $ 158vs中央$ 446(loses) / 最古出品から4657日 / 上位セラー評価=194767
HKS turbo Toyota Supra,HKS Cam Gears 2 SET 1 / 2JZ-GTE For Toyota Lexus Aristo GS300 SC300 Soarer Supra,https://www.ebay.com/itm/354602906419?fits=Submodel%3ATurbo%7CModel%3ASupra%7CMake%3AToyota&_skw=HKS+turbo+Toyota+Supra&hash=item528ffaf333:g:1acAAeSwpFxp27wz,obsolete_22,99.8,16459,260.0,95.0,https://i.ebayimg.com/images/g/1acAAeSwpFxp27wz/s-l225.jpg,amazon,DIXCEL ディクセル ブレーキパッド Mタイプ リア グリース付き LEXUS対応 GS200t/GS300 ARL10 315543 M,https://www.amazon.co.jp/dp/B0CJLQN1DY,13992,Amazon.co.jp,new,80.5,toys,toys,0.6,355.0,66.61,19.29,3020,81.24,2.59,26.0,0.1,182.08,28506,51.29,45347,156.56,288,37,7,72,33.0,446.13,790.0,1967.36,57.5,weak,high,healthy,loses,競合セラー=37人(healthy) / 同型番=2セラー / 総出品=288件 / $ 260vs中央$ 446(loses) / 最古出品から4657日 / 上位セラー評価=194767
Yu-Gi-Oh 25th secret rare Japanese,Yu-Gi-Oh! Official Card Game Duel Monsters 25DS-JP002 25th Secret Rare,https://www.ebay.com/itm/406755432261?_skw=Yu-Gi-Oh+25th+secret+rare+Japanese&hash=item5eb4835745:g:SyIAAeSwtRBpzzPA,greensunjapan,100.0,386,35.0,50.0,https://i.ebayimg.com/images/g/SyIAAeSwtRBpzzPA/s-l225.jpg,amazon,【 3枚セット 】遊戯王 日本語版 SPDS-JP002 D-HERO ダイナマイトガイ (ノーマル),https://www.amazon.co.jp/dp/B01JUOLZ5U,185,Amazon.co.jp,new,79.5,default,default,1.0,85.0,15.15,19.29,3020,1.07,0.63,5.25,0.15,45.67,7150,53.73,8049,156.56,43,21,25,15,32.0,59.99,99.99,515.39,53.2,weak,medium,healthy,loses,競合セラー=21人(healthy) / 同型番=1セラー / 総出品=43件 / $ 35vs中央$ 56(loses) / 最古出品から1154日 / 上位セラー評価=652979
Seiko Prospex SPB Japan,Seiko Prospex Alpinist Automatic SBDC211/SPB507 Japanese Domestic Model New,https://www.ebay.com/itm/336270240409?_skw=Seiko+Prospex+SPB+Japan&hash=item4e4b44aa99:g:cwkAAeSwV9NpCuzT,premium-japan,99.6,10522,920.0,155.0,https://i.ebayimg.com/images/g/cwkAAeSwV9NpCuzT/s-l225.jpg,rakuten,セイコー SEIKO プロスペックス アルピニスト Alpinist 自動巻き 20気圧防水 正規品 コアショップ限定モデル SBDC211,https://item.rakuten.co.jp/ikkodo/sbdc211/?variantId=SBDC211,126500,城下町松本の時計店 一光堂,new,93.8,watches_under5k,watches,0.4,1075.0,200.89,19.29,3020,734.54,7.85,147.2,0.16,109.24,17102,10.16,145311,156.56,474,34,1,60,66.68,829.99,995.0,1700.0,56.5,weak,high,healthy,loses,競合セラー=34人(healthy) / 同型番=0セラー / 総出品=474件 / $ 920vs中央$ 800(loses) / 最古出品から3294日 / 上位セラー評価=53657
Seiko Prospex SPB Japan,SEIKO Prospex SBDC157 SPB257J1 Automatic Stainless watch,https://www.ebay.com/itm/376505500815?_skw=Seiko+Prospex+SPB+Japan&hash=item57a97a048f:g:EA0AAOSw~XBiNt6K,ippojapanwatch,97.2,1308,1141.19,29.99,https://i.ebayimg.com/images/g/EA0AAOSw~XBiNt6K/s-l225.jpg,yahoo_furima,セイコー　SEIKO PROSPEX SPB257J1 5500本限定 SBDC157★新品未使用,https://paypayfleamarket.yahoo.co.jp/item/z580935226,110000,フリマ:p68787528,new,97.1,watches_under5k,watches,0.4,1171.18,218.83,19.29,3020,638.73,8.56,182.59,0.16,282.59,44242,24.13,158664,156.56,474,34,1,60,66.68,829.99,995.0,1700.0,50.8,weak,high,healthy,loses,競合セラー=34人(healthy) / 同型番=0セラー / 総出品=474件 / $ 1141vs中央$ 800(loses) / 最古出品から3294日 / 上位セラー評価=53657
Seiko Prospex SPB Japan,SEIKO PROSPEX SBEJ009 SPB381J1 GMT Mechanical Automatic Diver 200m Watch Green,https://www.ebay.com/itm/376505461091?_skw=Seiko+Prospex+SPB+Japan&hash=item57a9796963:g:5~EAAOSwzX9kiRhg,ippojapanwatch,97.2,1308,1263.75,29.99,https://i.ebayimg.com/images/g/5~EAAOSwzX9kiRhg/s-l225.jpg,yahoo_furima,【新品】SEIKO セイコー 大谷翔平 着用モデル PROSPEX GMTダイバー SBEJ009 自動巻 腕時計 グリーン☆未使用,https://paypayfleamarket.yahoo.co.jp/item/m1189655974,199800,フリマ:p25896701,new,92.2,watches_under5k,watches,0.4,1293.74,241.68,19.29,3020,1160.17,9.45,202.2,0.16,-140.05,-21926,-10.83,175681,156.56,474,34,1,60,66.68,829.99,995.0,1700.0,50.8,weak,high,healthy,loses,競合セラー=34人(healthy) / 同型番=1セラー / 総出品=474件 / $ 1264vs中央$ 800(loses) / 最古出品から3294日 / 上位セラー評価=53657
Seiko Prospex SPB Japan,Seiko SBDC197/SPB453 PROSPEX DIVER SCUBA 1965 Heritage Japan Import NEW,https://www.ebay.com/itm/336414215246?_skw=Seiko+Prospex+SPB+Japan&hash=item4e53d98c4e:g:j5EAAOSwwfdn17mi&amdata=enc%3AAQALAAAA8ACCtXRWQnOEpyOqnQQ8KGb0pPDHOND5w4DrF234zXQd%2Fe2BN5%2BIU3v5vNLyzW2p%2Fx6mogexumqpCqZFFJNWE%2BbxY1JOGw9dO%2F6ZZhe%2FGyhf9dAI16z3AQzawev4a3UILrCCMvTadxj4GHSi8r0vWtu76LygRtbPo7nsJeGqFIW3n%2FLlTd4C0UJVuVKPySYdpD4WJ3VBcaNYxZO%2FCVIRjDa5dthQUEp%2BFbtsAvTDo%2BTyBzmoxXnyH9w%2B5gyrITr9kYmP5lvdCEubzTWWIhyyJLcF8koT6Erk2t9oslniSWGAYMUdvVA0vTt7JP1lU93dWA%3D%3D,premium-japan,99.6,10522,1140.0,215.0,https://i.ebayimg.com/images/g/j5EAAOSwwfdn17mi/s-l225.jpg,yahoo_shopping,【純正シリコンバンド プレゼント】 SEIKOプロスペックス SBDC197 PROSPEX 1965メカニカルダイバーズ 現代デザイン,https://store.shopping.yahoo.co.jp/tokei10/sbdc197.html?sc_i=shopping-pc-web-result-item-rsltlst-title,140520,tokei10,unknown,96.1,watches_under5k,watches,0.4,1355.0,253.11,19.29,3020,815.95,9.9,182.4,0.16,253.56,39697,18.71,184186,156.56,474,34,1,60,66.68,829.99,995.0,1700.0,50.8,weak,high,healthy,loses,競合セラー=34人(healthy) / 同型番=1セラー / 総出品=474件 / $ 1140vs中央$ 800(loses) / 最古出品から3294日 / 上位セラー評価=53657
Seiko Prospex SPB Japan,Seiko SBDC195/SPB451 PROSPEX DIVER SCUBA 1965 Heritage Japan Import NEW,https://www.ebay.com/itm/336414213811?_skw=Seiko+Prospex+SPB+Japan&hash=item4e53d986b3:g:ToMAAOSwI8Jn2nRr&amdata=enc%3AAQALAAAA8ACCtXRWQnOEpyOqnQQ8KGaMHFPO%2FrbL%2FzCtylYC8bXt8szGCvtJGZkTD62TMVYqszst0%2BxgnaFlccPSoJLkscZm5murRx8rgXTsT3RTc8T0juM1%2F8C0x7UnWP3V3cS3GSmR1ZF9aaF9lrF%2B4TWOvYUwPyPVZ3qiQ7SnmmCX0TvwRnumkmLmoycQR%2FxItgyBJE0%2Be%2FwxZ%2FAFc%2FNqUi8M%2FgnLFhmhL2RGcpfOGMZGAist9JqF2aU4kwAoVabcMecfZNjbQttrIxAAle4tS8jYmkKc32effWtKcBKaNYpyUkFaLjI%2F%2B50bUqWj1CwH6NlbbA%3D%3D,premium-japan,99.6,10522,1040.0,215.0,https://i.ebayimg.com/images/g/ToMAAOSwI8Jn2nRr/s-l225.jpg,yahoo_shopping,【純正シリコンバンド プレゼント】  SEIKOプロスペックス SBDC195 PROSPEX 1965メカニカルダイバーズ 現代デザイン,https://store.shopping.yahoo.co.jp/tokei10/sbdc195.html?sc_i=shopping-pc-web-result-item-rsltlst-title,140520,tokei10,unknown,96.1,watches_under5k,watches,0.4,1255.0,234.46,19.29,3020,815.95,9.17,166.4,0.16,172.94,27075,13.78,170302,156.56,474,34,1,60,66.68,829.99,995.0,1700.0,50.8,weak,high,healthy,loses,競合セラー=34人(healthy) / 同型番=0セラー / 総出品=474件 / $ 1040vs中央$ 800(loses) / 最古出品から3294日 / 上位セラー評価=53657
Grand Seiko SBGA SBGV,SEIKO Grand Seiko AA1Y3JLK Bracelet Link SBGA025 SBGV223 SBGX261 SBGV221,https://www.ebay.com/itm/365563398435?_skw=Grand+Seiko+SBGA+SBGV&hash=item551d46c923:g:ZrYAAeSwyL1py6ti,topnotchjapan,99.7,1264,89.99,25.0,https://i.ebayimg.com/images/g/ZrYAAeSwyL1py6ti/s-l225.jpg,yahoo_shopping,Seiko グランドセイコー 純正 ベルト用駒 SBGA025 SBGV223 SBGX261 SBGX263 SBGV221 SBGX053 SBGR067 SBGX059 SBGE209バンド用コマAA1Y3JLK,https://store.shopping.yahoo.co.jp/ecwide/aa1y3jlk.html?sc_i=shopping-pc-web-result-item-rsltlst-title,5536,ecwide,unknown,94.1,watches_under5k,watches,0.4,114.99,21.85,19.29,3020,32.14,0.84,14.4,0.16,37.68,5900,32.77,12024,156.56,11,6,7,3,42.99,99.99,149.99,650.0,68.3,moderate,medium,sparse,wins,競合セラー=6人(sparse) / 同型番=5セラー / 総出品=11件 / $ 90vs中央$ 100(wins) / 最古出品から995日 / 上位セラー評価=7834
Grand Seiko SBGA SBGV,Grand Seiko GS link AA1Y3JLK SBGA025 SBGV223 SBGX261 SBGX263 SBGN003 SBGN005 etc,https://www.ebay.com/itm/235122685858?_skw=Grand+Seiko+SBGA+SBGV&hash=item36be6777a2:g:z1gAAeSwxWNo4xfR&amdata=enc%3AAQALAAAA8ACCtXRWQnOEpyOqnQQ8KGbOM%2BIGA9aqmFb9tsN4GN1%2F%2BaJ8j5TpGjoP7c81BM6OobEHlbECRR4dwwuL%2FaaGxh2xHaUZPQB9kdEqxdCD0U%2FZbNJegtyVuaLSEw%2Ba34C9WGposj7%2FJ5SA5%2F2CaQdUS%2FYYvHWaxKHcTMV1IKVKIvl2r%2FYFgMAiyPbeiqJOlqIHBokEjW0Egu2C9DTTXtm3BpnnhPn7f3R5BcBQiG2X2VvhbUCr1YEg%2FNzaCqZt5%2FKg6v29uANd3Zj5tpqnaLYorb6fGdANoBpPpY3RXyfRAF9RmB9w6S7MA3FLXvvYBvwTzQ%3D%3D,atsuki1860,99.5,2121,97.98,36.0,https://i.ebayimg.com/images/g/z1gAAeSwxWNo4xfR/s-l225.jpg,yahoo_shopping,Seiko グランドセイコー 純正 ベルト用駒 SBGA025 SBGV223 SBGX261 SBGX263 SBGV221 SBGX053 SBGR067 SBGX059 SBGE209バンド用コマAA1Y3JLK,https://store.shopping.yahoo.co.jp/ecwide/aa1y3jlk.html?sc_i=shopping-pc-web-result-item-rsltlst-title,5536,ecwide,unknown,98.8,watches_under5k,watches,0.4,133.98,25.39,19.29,3020,32.14,0.98,15.68,0.16,52.99,8296,39.55,14661,156.56,11,6,7,3,42.99,99.99,149.99,650.0,77.0,strong,medium,sparse,wins,競合セラー=6人(sparse) / 同型番=5セラー / 総出品=11件 / $ 98vs中央$ 100(wins) / 最古出品から995日 / 上位セラー評価=7834
Grand Seiko SBGA SBGV,Grand Seiko GS link Titanium AA031TLK SBGX067 SBGX069 SBGX267 SBGA211 SBGX127etc,https://www.ebay.com/itm/235582765841?_skw=Grand+Seiko+SBGA+SBGV&hash=item36d9d3bb11:g:HSgAAOSwL7VnlYMZ&amdata=enc%3AAQALAAAA8ACCtXRWQnOEpyOqnQQ8KGZ8hB3xkjLKbXzPYphj2yTi4yPlj%2FW4YKdqitGRK%2B38g%2BGtw8uuc%2BW%2Bl8V8sZ4ecA%2BekbR2ibdLmOCjA%2FSnGK11awIVTeSA9zm9b4L4n9Dinfp8Pp1ts0ouLWj4dq8tc228T8P4%2BheSkaT0%2FD%2BKtRCV0IZ0LV55RK8jkpxxCBGhspXnXK18CfPZESVGY%2FAheSKiMFbN%2BjxFOrWP%2FAhbTXZGPK2TOl4iP9CZbzmZeuZrF9tNywpvNk7LMzuFvPxE47FXDNWKLMgo%2BUz7kEYZOUxFsGFj%2BSU55zei5J%2FrIZZV7g%3D%3D,atsuki1860,99.5,2121,149.99,36.0,https://i.ebayimg.com/images/g/HSgAAOSwL7VnlYMZ/s-l225.jpg,yahoo_shopping,Seiko グランドセイコー純正 SBGX067 SBGX069 ベルト用 駒  AA03321T9純正バンド用 AA031TLK,https://store.shopping.yahoo.co.jp/ecwide/aa031tlk.html?sc_i=shopping-pc-web-result-item-rsltlst-title,12526,ecwide,unknown,93.5,watches_under5k,watches,0.4,185.99,35.09,19.29,3020,72.73,1.36,24.0,0.16,54.33,8506,29.21,21882,156.56,11,6,7,3,42.99,99.99,149.99,650.0,45.3,weak,medium,sparse,loses,競合セラー=6人(sparse) / 同型番=2セラー / 総出品=11件 / $ 150vs中央$ 100(loses) / 最古出品から995日 / 上位セラー評価=7834
Grand Seiko SBGA SBGV,Genuine New Grand Seiko Watch Bracelet Link AA1Y3JLK SBGA025 SBGV223,https://www.ebay.com/itm/317467465971?_skw=Grand+Seiko+SBGA+SBGV&hash=item49ea8918f3:g:Y-4AAeSwmtFoiLr3&amdata=enc%3AAQALAAAA8ACCtXRWQnOEpyOqnQQ8KGaQIwFqt21Dknxd5KhAWlVHKTSNruesKaYQBB4LHWucFbd8CGSf4zKMVTrgmDdVqvaOWi74zknRj3GyKmHIK9MwycBymVUVRZw3FOtCxrbL1Tp7uAK4OzZhdCH2xIYps17XCpzaVd1qbC%2BwsNNjAk9kl3%2FXTRN6NjaqwJi9loKPlgUNty%2FSeQy8k6rmi2mFEiOb3GGv1p00sRZ%2BjliyAKG2Ur4jGFzbwbpLGZm89RdUD2AQ3B9vo5AldWlZ3%2FAPFtSixBkW37TFTTNGimkx380TcTIl5VMmgX78zW9JmuwO2A%3D%3D,j-style.lx,99.1,5829,117.99,20.0,https://i.ebayimg.com/images/g/Y-4AAeSwmtFoiLr3/s-l225.jpg,yahoo_shopping,Seiko グランドセイコー 純正 ベルト用駒 SBGA025 SBGV223 SBGX261 SBGX263 SBGV221 SBGX053 SBGR067 SBGX059 SBGE209バンド用コマAA1Y3JLK,https://store.shopping.yahoo.co.jp/ecwide/aa1y3jlk.html?sc_i=shopping-pc-web-result-item-rsltlst-title,5536,ecwide,unknown,88.2,watches_under5k,watches,0.4,137.99,26.14,19.29,3020,32.14,1.01,18.88,0.16,56.23,8803,40.75,15218,156.56,11,6,7,3,42.99,99.99,149.99,650.0,57.8,weak,medium,sparse,loses,競合セラー=6人(sparse) / 同型番=5セラー / 総出品=11件 / $ 118vs中央$ 100(loses) / 最古出品から995日 / 上位セラー評価=7834
Grand Seiko SBGA SBGV,Seiko Grand Seiko Genuine Link AA1Y3JLK for SBGA025/SBGV223/SBGX261 Bracelet,https://www.ebay.com/itm/127290905592?_skw=Grand+Seiko+SBGA+SBGV&hash=item1da32113f8:g:VqMAAeSwLy1pa0Fk,sweetcorn-japan,100.0,177,77.19,18.0,https://i.ebayimg.com/images/g/VqMAAeSwLy1pa0Fk/s-l225.jpg,yahoo_shopping,Seiko グランドセイコー 純正 ベルト用駒 SBGA025 SBGV223 SBGX261 SBGX263 SBGV221 SBGX053 SBGR067 SBGX059 SBGE209バンド用コマAA1Y3JLK,https://store.shopping.yahoo.co.jp/ecwide/aa1y3jlk.html?sc_i=shopping-pc-web-result-item-rsltlst-title,5536,ecwide,unknown,92.6,watches_under5k,watches,0.4,95.19,18.15,19.29,3020,32.14,0.69,12.35,0.16,21.72,3401,22.82,9275,156.56,11,6,7,3,42.99,99.99,149.99,650.0,57.8,weak,medium,sparse,loses,競合セラー=6人(sparse) / 同型番=5セラー / 総出品=11件 / $ 77vs中央$ 100(loses) / 最古出品から995日 / 上位セラー評価=7834
BOSS pedal DD-200 Japan,Boss DD-200 DIGITAL DELAY Guitar Effects Pedal Brand New in Box Express Shipping,https://www.ebay.com/itm/295490504980?_skw=BOSS+pedal+DD-200+Japan&hash=item44cc9b4914:g:3xsAAOSw8vxj0IjX,japan-media-store,99.9,14276,243.08,30.0,https://i.ebayimg.com/images/g/3xsAAOSw8vxj0IjX/s-l225.jpg,rakuten,【ESP直営店】【お取り寄せ商品】BOSS DD-200 Digital Delay[エフェクター、effectspedal],https://item.rakuten.co.jp/esp/10010872/?variantId=10010872,33000,ESP CRAFT HOUSE楽天市場店,unknown,98.7,musical_inst,musical_inst,3.0,273.08,45.87,44.71,7000,191.61,2.04,40.59,0.167,-14.35,-2246,-5.25,30528,156.56,118,58,41,39,120.0,288.86,395.0,841.82,61.1,moderate,medium,saturated,loses,競合セラー=58人(saturated) / 同型番=43セラー / 総出品=118件 / $ 243vs中央$ 287(loses) / 最古出品から3182日 / 上位セラー評価=604908
BOSS pedal DD-200 Japan,NEW Boss DD-200 Digital Delay Guitar Pedal Japan,https://www.ebay.com/itm/168316871288?_skw=BOSS+pedal+DD-200+Japan&hash=item273077a278:g:TrYAAeSwh5lp4-Al,treasures_japan,100.0,127,663.69,29.0,https://i.ebayimg.com/images/g/TrYAAeSwh5lp4-Al/s-l225.jpg,rakuten,BOSS / DD-200 Digital Delay ディレイ ボス DD200【YRK】【PTNB】,https://item.rakuten.co.jp/ishibashi/83-4957054514600/?variantId=83-4957054514600,33000,イシバシ楽器 WEB SHOP,unknown,100.0,musical_inst,musical_inst,3.0,692.69,115.73,44.71,7000,191.61,5.18,110.84,0.167,332.26,52019,47.97,90219,156.56,118,58,41,39,120.0,288.86,395.0,841.82,61.1,moderate,medium,saturated,loses,競合セラー=58人(saturated) / 同型番=43セラー / 総出品=118件 / $ 664vs中央$ 287(loses) / 最古出品から3182日 / 上位セラー評価=604908
BOSS pedal DD-200 Japan,NEW Boss DD-200 Digital Delay Pedal + Accessories Japan,https://www.ebay.com/itm/168316870601?_skw=BOSS+pedal+DD-200+Japan&hash=item2730779fc9:g:WX0AAeSw3Wlp49~S,treasures_japan,100.0,127,401.68,29.0,https://i.ebayimg.com/images/g/WX0AAeSw3Wlp49~S/s-l225.jpg,rakuten,【ESP直営店】【お取り寄せ商品】BOSS DD-200 Digital Delay[エフェクター、effectspedal],https://item.rakuten.co.jp/esp/10010872/?variantId=10010872,33000,ESP CRAFT HOUSE楽天市場店,unknown,100.0,default,default,1.0,430.68,75.12,19.29,3020,191.61,3.19,60.25,0.15,138.27,21647,32.1,56810,156.56,118,58,41,39,120.0,288.86,395.0,841.82,61.1,moderate,medium,saturated,loses,競合セラー=58人(saturated) / 同型番=43セラー / 総出品=118件 / $ 402vs中央$ 287(loses) / 最古出品から3182日 / 上位セラー評価=604908
BOSS pedal DD-200 Japan,BOSS DD-200 Digital Delay Guitar Effects Pedal,https://www.ebay.com/itm/358323996823?_skw=BOSS+pedal+DD-200+Japan&hash=item536dc64897:g:ghkAAeSwyElp1Jxe&amdata=enc%3AAQALAAAA8ACCtXRWQnOEpyOqnQQ8KGaiLyTN5B5uj9Dij5%2BEIjyrVGsZrhIIx9Szq13WHaj8jpJNgqUVWul4%2BWf5wnDmpshB4zJmU09pp8vmnIzmBzLUy6oGwFN9Rto%2FmvVlHhev5AmjsyuJnvatgFZpSRCsUVJFbSQw3kyxT%2FPq9vDwoJAAYbiJ6BL%2FQ%2BI3sTShiKOvCqaJloO8S2rB%2BgXJTmRFrehFkPQvDa3%2BE6M%2BRCkBNva9nJTcDy5eiEYx129cr5n54fZBygxEz%2BVqVHfRxXrAbB9zVNkczQS9bgIvJkjI%2FXa6dF7MQAhcyzMUP%2F90vn%2FEHA%3D%3D,sakurasoundlab,95.7,223,216.79,62.18,https://i.ebayimg.com/images/g/ghkAAeSwyElp1Jxe/s-l225.jpg,rakuten,BOSS / DD-200 Digital Delay ディレイ ボス DD200【YRK】【PTNB】,https://item.rakuten.co.jp/ishibashi/83-4957054514600/?variantId=83-4957054514600,33000,イシバシ楽器 WEB SHOP,unknown,100.0,musical_inst,musical_inst,3.0,278.97,46.85,44.71,7000,191.61,2.08,36.2,0.167,-9.48,-1484,-3.4,31366,156.56,118,58,41,39,120.0,288.86,395.0,841.82,61.1,moderate,medium,saturated,loses,競合セラー=58人(saturated) / 同型番=43セラー / 総出品=118件 / $ 217vs中央$ 287(loses) / 最古出品から3182日 / 上位セラー評価=604908
BOSS pedal DD-200 Japan,NEW Boss DD-200 Digital Delay Pedal Bundle Japan,https://www.ebay.com/itm/168316871606?_skw=BOSS+pedal+DD-200+Japan&hash=item273077a3b6:g:HVsAAeSwvb1p4-Ar&amdata=enc%3AAQALAAABAACCtXRWQnOEpyOqnQQ8KGYbgJq6QrfEX%2FG6n6gr4wdGLjscZgLr9oxCFTgG0t4nw9TA1MVzmJAPRSILOSPEP%2B49iAhLourqOAv3niXpmJSiTG%2BmXaQqDsR%2FYCd3gOhtimprihvt3qQE0wrPNydIJNI20jJXiqhL2VEaS5n3uRhVtYIgYxDJ4OZ5uzV%2FjBJgoCHg8mIOW90zqxEYWPH6bpMEUwJOWi6owYd29RMcPoSpc3qxuYD9RU%2F2qdVYGb7a%2B8%2FSfOf1baXatEUPP9WGZLShJjyEZ5Ie2N8V%2B%2FOl2mKVfER8WIMKhRxAuuAe3rLyqtU77w2Wa8cvOpaJRuPRrAo%3D,treasures_japan,100.0,127,841.82,29.0,https://i.ebayimg.com/images/g/HVsAAeSwvb1p4-Ar/s-l225.jpg,rakuten,BOSS DD-200 DIGITAL DELAY デジタルディレイ ギターエフェクター,https://item.rakuten.co.jp/chuya-online/161234/?variantId=161234,33000,chuya-online チューヤオンライン,unknown,100.0,default,default,1.0,870.82,151.49,19.29,3020,191.61,6.46,126.27,0.15,498.78,78089,57.28,118896,156.56,118,58,41,39,120.0,288.86,395.0,841.82,61.1,moderate,medium,saturated,loses,競合セラー=58人(saturated) / 同型番=43セラー / 総出品=118件 / $ 842vs中央$ 287(loses) / 最古出品から3182日 / 上位セラー評価=604908
Ibanez TS808 Tube Screamer,Ibanez TUBE SCREAMER Overdrive Pro TS808 Guiter Effects Pedal BrandNew,https://www.ebay.com/itm/125639493127?_skw=Ibanez+TS808+Tube+Screamer&hash=item1d40b28607:g:uOcAAOSw0hJmkLdw,retro.music-japanshop,100.0,3084,139.99,18.0,https://i.ebayimg.com/images/g/uOcAAOSw0hJmkLdw/s-l225.jpg,rakuten,翌日配達 【WEB限定在庫処分セール】 TS808 TUBE SCREAMER Overdrive Pro Ibanez (新品),https://item.rakuten.co.jp/ikebe/763195/?variantId=763195,16300,イケベ楽器楽天ショップ,new,88.4,default,default,1.0,157.99,27.81,19.29,3020,94.65,1.17,21.0,0.15,11.88,1860,7.52,18345,156.56,176,58,37,43,49.95,164.37,179.99,340.0,71.7,moderate,medium,saturated,wins,競合セラー=58人(saturated) / 同型番=39セラー / 総出品=176件 / $ 140vs中央$ 156(wins) / 最古出品から3118日 / 上位セラー評価=465189
Ibanez TS808 Tube Screamer,Ibanez 45th Anniversary TS808 Tube Screamer Effects Pedal Sapphire Blue NEW,https://www.ebay.com/itm/356409440095?_skw=Ibanez+TS808+Tube+Screamer&hash=item52fba8775f:g:8C8AAOSwoelnasOe,soundbluesy-japan,100.0,25,340.0,0.0,https://i.ebayimg.com/images/g/8C8AAOSwoelnasOe/s-l225.jpg,rakuten,翌日配達 Ibanez 【WEB限定在庫処分セール】 TS808 TUBE SCREAMER Overdrive Pro,https://item.rakuten.co.jp/ikeshibu/763195/?variantId=763195,16300,イケベ楽器 イケシブ,unknown,87.1,default,default,1.0,340.0,59.39,19.29,3020,94.65,2.52,51.0,0.15,160.96,25200,47.34,44019,156.56,176,58,37,43,49.95,164.37,179.99,340.0,61.1,moderate,medium,saturated,loses,競合セラー=58人(saturated) / 同型番=39セラー / 総出品=176件 / $ 340vs中央$ 156(loses) / 最古出品から3118日 / 上位セラー評価=465189
Ibanez TS808 Tube Screamer,Ibanez TS808 Original Vintage Tube Screamer Pedal - Reissue,https://www.ebay.com/itm/134445055899?_skw=Ibanez+TS808+Tube+Screamer&hash=item1f4d8cbf9b:g:1a4AAOSwnfhjckOn&amdata=enc%3AAQALAAAA8ACCtXRWQnOEpyOqnQQ8KGZEqt86gMey979YWoPdAuTpL8QX1Ip9HqlBpTDShloawRwFz9meimQs%2FO%2B70ot%2BEGnsYyS2vvzoggGBiW0uriFNiDl8TD0gKiA3nMukHj%2ByogWInITTNS0EL%2Fm%2BT6yTA84EzzzX5OlbS%2FZAVgS1Rv3u4qR4PlXHUKdP4IGX6OW4ANxu9Fnqp%2BIKBuq1R0%2FF2L18X6PoWDqEvL%2FvM8muvzihPudSkcuYsZmtvZeQeAvyasjBeTyU2MXP80HzuKbJvOwX5UXPSne4ky46IpxWxNicmJrbk7%2Fj8RiX0aXZXNOTuA%3D%3D,good-job-from-japan,100.0,1036,160.0,0.0,https://i.ebayimg.com/images/g/1a4AAOSwnfhjckOn/s-l225.jpg,rakuten,Ibanez TS808 Tube Screamer Overdriveモデル チューブスクリーマー風 エフェクター自作用基板 メール便なら送料無料,https://item.rakuten.co.jp/alzey/04000026/?variantId=04000026,2090,Alzey部品,unknown,90.0,default,default,1.0,160.0,28.16,19.29,3020,12.13,1.18,24.0,0.15,96.04,15037,60.03,18629,156.56,176,58,37,43,49.95,164.37,179.99,340.0,73.6,moderate,medium,saturated,parity,競合セラー=58人(saturated) / 同型番=39セラー / 総出品=176件 / $ 160vs中央$ 156(parity) / 最古出品から3118日 / 上位セラー評価=465189
Japanese chef knife Tojiro Shun,FUJITORA by TOJIRO FU-502 Japanese Chef Knife NAKIRI 165mm DP VG10,https://www.ebay.com/itm/389651472514?_skw=Japanese+chef+knife+Tojiro+Shun&hash=item5ab909a082:g:edsAAeSwEdBpmaTP&amdata=enc%3AAQALAAABAACCtXRWQnOEpyOqnQQ8KGYrLwgJYlkDAfKpy4oNRP%2F2Rkic0kV9fP4w4%2FC1tjl%2FA31sivODyV6zKkjiQxLnfHZLJUTsbBR2XdmWE0W2G1oqPRlHZKt2ZVtwXwBlouVElaOQh5QeXQQQzqFAsS6dZrHMGY8fImcBERV23K3ecsD62PoSAMypFlMWueIk%2FyQjBSjb3gsrACjEHM%2FBt9WwXAuX3CTSbSzp35R96S5%2FozuyTBnj4uSZRNqnapfZJe6v5kMND2BFeW82mNOjUIT17LTPoPsOeLbG8m1at0lcPCJWLoJ0jdZB%2BIIyjP2eXLbQC%2FuIwRgbdN9D%2Ffn0y%2B27Jrk%3D,mutsukitrading,99.7,386,78.21,15.0,https://i.ebayimg.com/images/g/edsAAeSwEdBpmaTP/s-l225.jpg,yahoo_shopping,FU-502 藤次郎 藤寅作  薄刃 165mm DPコバルト合金鋼割込シリーズ（口金付）   FU502 F-502 薄刃包丁 Tojiro,https://store.shopping.yahoo.co.jp/kunikichisyouten/4020-015022.html?sc_i=shopping-pc-web-result-item-rsltlst-title,6883,kunikichisyouten,unknown,80.2,default,default,1.0,93.21,16.57,19.29,3020,39.97,0.69,11.73,0.15,13.5,2114,14.48,9207,156.56,122,45,55,23,38.7,122.51,182.0,999.0,65.7,moderate,medium,healthy,loses,競合セラー=45人(healthy) / 同型番=6セラー / 総出品=122件 / $ 78vs中央$ 120(loses) / 最古出品から3069日 / 上位セラー評価=28606
Japanese chef knife Tojiro Shun,TOJIRO Japanese Chef's Kitchen Knife FUJITORA 210mm Made In Japan FU-808 New,https://www.ebay.com/itm/296940629838?_skw=Japanese+chef+knife+Tojiro+Shun&hash=item45230a6f4e:g:DWcAAOSw1-RnhB-f&amdata=enc%3AAQALAAABAACCtXRWQnOEpyOqnQQ8KGbJ%2FfuaJ0Ebte15uNormmKLJkBL3KPMbs8jAd8fx1pQXa0wlyqJr3zkcNlWYU12%2FssIKf2sHtsAJEL2Vihuhi059DlEA3ADQztuQ2MuUigetHTccpueAsoNOzEuGPEJ1oMc%2FQIdG6bPkp0suLXo%2FPudkUZ5WnlSfdekgj21MBMeGSX6r--vpmkQipHldFGhSwJlhU5HOTNhODwUrNcxMZ9VNfz9dAyhEwS23VPpevakeVlYIegzxBYFt%2BAfqdpCwztTnxqbs9%2B5oURO0uOQjFubyDSQX2%2BGNu86OOaQapReK6Kz4kOVjIEmC7Duzb5pn3Y%3D,fabec-japan,100.0,375,107.8,19.8,https://i.ebayimg.com/images/g/DWcAAOSw1-RnhB-f/s-l225.jpg,rakuten,藤次郎｜TOJIRO 藤寅作 牛刀 210mm FU-808,https://item.rakuten.co.jp/biccamera/4960375408084/?variantId=4960375408084,8650,楽天ビック(ビックカメラ×楽天),unknown,82.0,default,default,1.0,127.6,22.54,19.29,3020,50.22,0.94,16.17,0.15,31.41,4918,24.62,14058,156.56,122,45,55,23,38.7,122.51,182.0,999.0,76.2,strong,medium,healthy,wins,競合セラー=45人(healthy) / 同型番=7セラー / 総出品=122件 / $ 108vs中央$ 120(wins) / 最古出品から3069日 / 上位セラー評価=28606
Onitsuka Tiger Mexico 66 Japan exclusive,MEXICO 66 KIDS Onitsuka Tiger Sneakers White Blue 1184A074,https://www.ebay.com/itm/366372668225?_skw=Onitsuka+Tiger+Mexico+66+Japan+exclusive&hash=item554d834341:g:zAoAAeSwG5Vp73DH,fujimart_nihongoods,0.0,0,68.0,9.99,https://i.ebayimg.com/images/g/zAoAAeSwG5Vp73DH/s-l225.jpg,rakuten,オニツカタイガー スニーカー Onitsuka Tiger MEXICO 66 TS KIDS メキシコ66 ベージュ グリーン BEIGE/GREEN # 1184A074.250 シューズ,https://item.rakuten.co.jp/ii-korea/1-ot-sn24-1184a074250/,21590,イイコレ!,unknown,95.8,sneakers_high,sneakers_textile_rubber,1.5,77.99,9.56,31.94,5000,125.36,0.61,20.4,0.3,-92.68,-14510,-118.84,5628,156.56,8013,45,16,3,44.51,66.4,99.99,394.9,63.3,moderate,high,healthy,parity,競合セラー=45人(healthy) / 同型番=0セラー / 総出品=8013件 / $ 68vs中央$ 66(parity) / 最古出品から1310日 / 上位セラー評価=12779
Onitsuka Tiger Mexico 66 Japan exclusive,Onitsuka Tiger MEXICO 66 Sneakers Unisex 1183C102 16Colors Unisex Size,https://www.ebay.com/itm/314585252676?_skw=Onitsuka+Tiger+Mexico+66+Japan+exclusive&hash=item493ebe0344:g:2Z0AAeSwedFphyLV&amdata=enc%3AAQALAAABAACCtXRWQnOEpyOqnQQ8KGaFNkk3EiKxtYLOyFQ96osVEItwBFAn3Zw4HManI9q2nv2c6g8HKEUlIXCsWuB1KUuItyfelnE9U%2BfqOXVq5nuIFHqV5jLiXWMmzNva7O%2BnuN9XOX%2BmlrMZDkz6RMgUbgV2Grcew%2FGkKdSvThWMWZUybXMVQPOZpgpbpTNuxSr0Z0SuGpEU9d3AfZh8SEXnvPA7rLE1IgwosGR%2FO6%2Fbk4WA5RgeHxN%2B32iKlULPOpwQyVrjIkKKNbwv5ZeW5N7GMK%2F1KxmVH%2F4V4CZXpRpQajSYf88Lo7XFn5QyVm2Hr9gxI2%2F8mva09OSeLyiQfO3jUy0%3D,yumara13,99.8,12779,159.0,30.0,https://i.ebayimg.com/images/g/2Z0AAeSwedFphyLV/s-l225.jpg,rakuten,オニツカタイガー スニーカー Onitsuka Tiger メンズ レディース MEXICO 66 メキシコ 66 BLACK ブラック 1183C102.002 シューズ,https://item.rakuten.co.jp/upsuke/sn-ot23-83c102002/,33290,upsuke,unknown,99.1,sneakers_high,sneakers_textile_rubber,1.5,189.0,22.21,31.94,5000,193.3,1.49,47.7,0.3,-63.13,-9884,-33.4,22417,156.56,8013,45,16,3,44.51,66.4,99.99,394.9,70.0,moderate,high,healthy,loses,競合セラー=45人(healthy) / 同型番=25セラー / 総出品=8013件 / $ 159vs中央$ 66(loses) / 最古出品から1310日 / 上位セラー評価=12779
Onitsuka Tiger Mexico 66 Japan exclusive,Onitsuka Tiger MEXICO 66 SLIP-ON 1183A360 6 Colors Unisex Adult Shoes Japan,https://www.ebay.com/itm/318130225101?_skw=Onitsuka+Tiger+Mexico+66+Japan+exclusive&hash=item4a1209ffcd:g:FNAAAeSwl5xp5v7t&amdata=enc%3AAQALAAABEACCtXRWQnOEpyOqnQQ8KGaLAwkiP%2FMY3KqX8RWM%2BZkzR96hd%2BKXDywD2IzwSaQB3DJ0K7oBILZ5dOBAPCgSzEquvbElsWx7zENPJDUFUxwZWukhoqOl1zpttNc5fRsxrII8vZyeTtshEQ7K08BTaQqNXWH4PBm%2Bmw6l0lM9fLdLWEDiF3P9OxtkfQW6A4LjJUjYhCHpPsd%2B613Ap7TEyHm3kIdbUqYT%2Bg6FUldEK3X83IN54TYrqsdGkYBoSub08nam%2F1yK%2BXTazdIJrhOOChwEiplzkrmY61dXTTlUMJGjAZox2OXaHBUTJJA7BIqFNQz2AlUOo3pr0bbnQWTJJvW58n%2FUkxYs%2Fmw2HcV1qxtp,you_and_minami,99.4,613,137.89,30.0,https://i.ebayimg.com/images/g/FNAAAeSwl5xp5v7t/s-l225.jpg,yahoo_shopping,スニーカー Onitsuka Tiger MEXICO 66 SLIP-ON / オニツカタイガー メキシコ 66 スリッポン / 1183A360-,https://store.shopping.yahoo.co.jp/zozo/99382264.html?sc_i=shopping-pc-web-result-item-rsltlst-title,11215,zozo,unknown,100.0,sneakers_high,sneakers_textile_rubber,1.5,167.89,20.13,31.94,5000,65.12,1.32,41.37,0.3,46.19,7232,27.51,19169,156.56,8013,45,16,3,44.51,66.4,99.99,394.9,57.5,weak,high,healthy,loses,競合セラー=45人(healthy) / 同型番=2セラー / 総出品=8013件 / $ 138vs中央$ 66(loses) / 最古出品から1310日 / 上位セラー評価=12779
Onitsuka Tiger Mexico 66 Japan exclusive,Onitsuka Tiger MEXICO 66 PARATY 1183C233 2 Colors Unisex Adult Shoes Japan,https://www.ebay.com/itm/318128535157?_skw=Onitsuka+Tiger+Mexico+66+Japan+exclusive&hash=item4a11f03675:g:ljkAAeSwsL5p5v~a&amdata=enc%3AAQALAAABEACCtXRWQnOEpyOqnQQ8KGaYSaLy%2B7VUFcLZdidxai9gEhoy1n48ai9k%2Fv5OseXZfjukMnFz434rMcCgnAWB0mTfW0z16ieg5zFKqvwY3Pa0gd2hl55dmAg0L5%2FO%2FMk0FpPQ77OsuH6ix0%2Bp%2FoPpNWhyReyPioHrjZq%2F7qiBePjeHXOHZdp%2BhqFoVjIUcUWYzWrlAkks24vgKjKALjEunGpzz0OQCiBB%2B3mOpwg2TTa7tsFsbPHVE5CFPsnVdWpxhElPvI%2BDk3GdtaaA3rEUNsH%2FCvtJgY2Q0%2Bb0eR4xS7hvo5DNgaDZx6TfmZuWoZbXzdM%2F8VNsr5xeoGlehilXuSu2Gw2ClkUz3PfhqjdcwbA1,you_and_minami,99.4,613,136.9,30.0,https://i.ebayimg.com/images/g/ljkAAeSwsL5p5v~a/s-l225.jpg,rakuten,"メキシコ オニツカタイガー ""NATURAL NAVY"" スニーカー メンズ ONITSUKA TIGER MEXICO 66 PARATY 1183C233 250 /",https://item.rakuten.co.jp/jordan23/29_383942/,83800,スニケス,unknown,99.2,sneakers_high,sneakers_textile_rubber,1.5,166.9,20.01,31.94,5000,486.59,1.31,41.07,0.3,-376.15,-58890,-225.37,19020,156.56,8013,45,16,3,44.51,66.4,99.99,394.9,50.8,weak,high,healthy,loses,競合セラー=45人(healthy) / 同型番=0セラー / 総出品=8013件 / $ 137vs中央$ 66(loses) / 最古出品から1310日 / 上位セラー評価=12779
Onitsuka Tiger Mexico 66 Japan exclusive,Onitsuka Tiger MEXICO 66 Kill Bill 1183C102 751 YELLOW BLACK,https://www.ebay.com/itm/355315032752?_skw=Onitsuka+Tiger+Mexico+66+Japan+exclusive&hash=item52ba6d22b0:g:DQ4AAOSwkoxlh7KT,rioxxrinaxjapan,99.8,9495,150.0,30.0,https://i.ebayimg.com/images/g/DQ4AAOSwkoxlh7KT/s-l225.jpg,rakuten,オニツカタイガー スニーカー Onitsuka Tiger メンズ レディース MEXICO 66 メキシコ 66 BLACK ブラック 1183C102.002 シューズ,https://item.rakuten.co.jp/upsuke/sn-ot23-83c102002/,33290,upsuke,unknown,100.0,sneakers_high,sneakers_textile_rubber,1.5,180.0,21.15,31.94,5000,193.3,1.42,45.0,0.3,-71.0,-11116,-39.45,21061,156.56,8013,45,16,3,44.51,66.4,99.99,394.9,70.0,moderate,high,healthy,loses,競合セラー=45人(healthy) / 同型番=25セラー / 総出品=8013件 / $ 150vs中央$ 66(loses) / 最古出品から1310日 / 上位セラー評価=12779
