keyword,ebay_title,ebay_url,ebay_seller,ebay_seller_feedback,ebay_seller_score,ebay_price_usd,ebay_buyer_shipping_usd,ebay_image,supplier_source,supplier_name,supplier_url,supplier_price_jpy,supplier_shop,match_score,fvf_category,duty_category,weight_kg,gross_revenue_usd,total_ebay_fees_usd,shipping_cost_usd,shipping_cost_jpy,purchase_price_usd,fx_loss_usd,us_import_duty_usd_buyer_pays,us_import_duty_rate,net_profit_usd,net_profit_jpy,profit_margin_pct,breakeven_purchase_jpy,fx_rate_usd_jpy
Asics Gel-Lyte III,Sneaker Freaker x Atmos x Asics Gel-Lyte III 1201A529-020 Men's Size,https://www.ebay.com/itm/315333742309?_skw=Asics+Gel-Lyte+III&hash=item496b5b0ee5:g:FKsAAOSwU5xnzRj5,yumara13,99.8,12703,284.5,0.0,https://i.ebayimg.com/images/g/FKsAAOSwU5xnzRj5/s-l225.jpg,rakuten,asics アシックス SNEAKER FREAKER ATMOS GEL-LYTE 3 OG sスニーカー 1201A529-020 グレー パープル 29cm 【中古】 IT6AZRAMLDSO,https://item.rakuten.co.jp/modescape/rc_it6azramldso_v3sr/?variantId=rc_it6azramldso_v3sr,11946,MODESCAPE 楽天市場店,100.0,sneakers_high,sneakers_textile_rubber,1.5,284.5,33.43,31.3,5000,67.99,2.25,85.35,0.3,146.41,23387,51.46,37671,159.74
Canon EOS R6,CANON Battery Grip BG-R20 for EOS R5 Mark II/EOS R5/EOS R6 Mark II/EOS R6,https://www.ebay.com/itm/235953984036?_skw=Canon+EOS+R6&hash=item36eff41224:g:oxUAAOSw0-Jnq3FV,semba-market,99.9,3593,475.0,50.0,https://i.ebayimg.com/images/g/oxUAAOSw0-Jnq3FV/s-l225.jpg,rakuten,CANON キヤノン BG-R20 バッテリーグリップ EOS R5 Mark II対応 BGR20,https://item.rakuten.co.jp/ebest/4549292236330/?variantId=4549292236330,50000,イーベストPC・家電館,95.5,default,default,1.0,525.0,91.49,18.91,3020,284.55,3.89,71.25,0.15,123.03,19654,23.44,71618,159.74
Onitsuka Tiger Mexico 66,Onitsuka Tiger MEXICO 66 Sneakers Unisex 1183C102 16Colors Unisex Size,https://www.ebay.com/itm/314585252676?_skw=Onitsuka+Tiger+Mexico+66&hash=item493ebe0344:g:2Z0AAeSwedFphyLV&amdata=enc%3AAQALAAAA8ACCtXRWQnOEpyOqnQQ8KGaFNkk3EiKxtYLOyFQ96osVEItwBFAn3Zw4HManI9q2nv2c6g8HKEUlIXCsWuB1KUuItyfelnE9U%2BfqOXVq5nuIFHqV5jLiXWMmzNva7O%2BnuN9XOX%2BmlrMZDkz6RMgUbgW2NJRHjwE6KzApmTsnaImwKodgPC8DDiqFBBpGSrIh8an1x85De1CWkU9V6E2KIN2v%2FCW623QLDa4g7vQv2DV1sV4kISE0JEZ7i1Q%2FlNlarVGCYLVHONioktl3JX4zyWA8pQdobmxzOI7s9RGAHaB%2BMo9Rod2Nmur8%2FfhJ%2BoGjMQ%3D%3D,yumara13,99.8,12703,361.28,30.0,https://i.ebayimg.com/images/g/2Z0AAeSwedFphyLV/s-l225.jpg,rakuten,Onitsuka Tiger オニツカタイガー スニーカー MEXICO 66 メキシコ66 1183C102.104 シューズ WHITE ホワイト メンズ レディース 男性用 女性用,https://item.rakuten.co.jp/aclo/ot-1183c102104/,35300,セレクトショップ a-clo,100.0,sneakers_high,sneakers_textile_rubber,1.5,391.28,45.98,31.3,5000,200.89,3.09,108.38,0.3,106.89,17075,27.32,54081,159.74
Canon EOS R6,New CANON BG-R20 Battery Grip for EOS R5/R5II/R6/R6II,https://www.ebay.com/itm/116463483105?_skw=Canon+EOS+R6&hash=item1b1dc3b8e1:g:tFkAAeSwMcVpp9pl,nyjbloom,99.8,7152,378.67,125.0,https://i.ebayimg.com/images/g/tFkAAeSwMcVpp9pl/s-l225.jpg,rakuten,CANON キヤノン BG-R20 バッテリーグリップ EOS R5 Mark II対応 BGR20,https://item.rakuten.co.jp/ebest/4549292236330/?variantId=4549292236330,50000,イーベストPC・家電館,97.6,default,default,1.0,503.67,87.79,18.91,3020,284.55,3.73,56.8,0.15,105.56,16863,20.96,68548,159.74
Onitsuka Tiger Mexico 66,Onitsuka Tiger MEXICO 66 DELUXE NIPPON MADE White Black 1181A119 US Men 9.5,https://www.ebay.com/itm/147283640947?_skw=Onitsuka+Tiger+Mexico+66&hash=item224aca0273:g:NmEAAeSw3w1p7Nts,seabass_43,0.0,0,399.0,0.0,https://i.ebayimg.com/images/g/NmEAAeSw3w1p7Nts/s-l225.jpg,rakuten,Onitsuka Tiger オニツカタイガー サイズ:US9(27.0cm) | MEXICO 66 DELUXE NIPPON MADE (1181A119-101) | メキシコ | ホワイト ディレクトワールブルー | 日本製 ローカット スニーカー シューズ 靴【メンズ】【K4799】,https://item.rakuten.co.jp/beegle/16030169/?variantId=16030169,37970,ブランド古着のBEEGLE by Boo-Bee,100.0,sneakers_high,sneakers_textile_rubber,1.5,399.0,46.88,31.3,5000,216.09,3.15,119.7,0.3,98.45,15726,24.67,55268,159.74
Nike Dunk Low,DH0957-001 Nike Dunk Low Crazy Black Multi Camo Khaki Oil Green Orange (Men's),https://www.ebay.com/itm/255888989829?_skw=Nike+Dunk+Low&hash=item3b942c1e85:g:PJgAAOSwiFlmTage,badsneakersjp,99.9,11305,177.0,0.0,https://i.ebayimg.com/images/g/PJgAAOSwiFlmTage/s-l225.jpg,rakuten,NIKE ナイキ DH0957-001 Dunk Low SE Black Multi Camo ダンク ロー SE ブラック マルチカモ ローカットスニーカー カーキ系 26cm メンズ【中古】,https://item.rakuten.co.jp/auc-life-sendai/6b26408am0005ha24/?variantId=6b26408am0005ha24,5918,ブランド古着 ライフ楽天市場店,98.5,sneakers_high,sneakers_textile_rubber,1.5,177.0,20.8,31.3,5000,33.68,1.4,53.1,0.3,86.69,13849,48.98,21151,159.74
Nike Air Jordan 1,DQ8426-515 Nike Air Jordan 1 Mid Sky J Purple White Light Blueberry (Men's),https://www.ebay.com/itm/256165050819?_skw=Nike+Air+Jordan+1&hash=item3ba4a079c3:g:QUwAAeSwGWlpVe06&amdata=enc%3AAQALAAAA8ACCtXRWQnOEpyOqnQQ8KGav6RPvblt5e3uwHT1UCS%2FE2FzwIXL2b8IpoDhjm8Wg1ZjMW%2BJ%2FhR3viNAevmozDOOTlb7VUfeNIsxV5obSBD9ZyNlIC%2BrVUhI8q1sYGfKFokgnHC4Qe6xTbPG8j9htgI8CfM6IDzbdPZJOxicKX0Ghk%2BV05fFbSzA%2F1qEeccirHDzFMLOglUfTpp6k8LLntZNL2yFyRPXvr%2BCo4S8t46NvZ6ep9qWw8ysyE4OafZO36%2BCNLocHDBZfj2%2B0%2FxhZibVm3ximrPM6y8LLjanO6O3wQSevE4NYPYDDUuiyZDlFLQ%3D%3D,badsneakersjp,99.9,11305,160.0,0.0,https://i.ebayimg.com/images/g/QUwAAeSwGWlpVe06/s-l225.jpg,rakuten,NIKE ナイキ DQ8426-515 Air Jordan 1 Mid Sky J Purple エアジョーダン1 ミッド スカイ J パープル ミドルカット スニーカー パープル系 ホワイト系 25.5cm メンズ【中古】,https://item.rakuten.co.jp/auc-life-sendai/6c14705am0008hac0/?variantId=6c14705am0008hac0,7678,ブランド古着 ライフ楽天市場店,99.3,sneakers_high,sneakers_textile_rubber,1.5,160.0,18.8,31.3,5000,43.69,1.26,48.0,0.3,61.82,9874,38.63,18538,159.74
Onitsuka Tiger Mexico 66,Onitsuka Tiger MEXICO 66 SLIP-ON 1183A360 6 Colors Unisex Adult Shoes Japan,https://www.ebay.com/itm/318130225101?_skw=Onitsuka+Tiger+Mexico+66&hash=item4a1209ffcd:g:FNAAAeSwl5xp5v7t&amdata=enc%3AAQALAAABAACCtXRWQnOEpyOqnQQ8KGaLAwkiP%2FMY3KqX8RWM%2BZkzR96hd%2BKXDywD2IzwSaQB3DJ0K7oBILZ5dOBAPCgSzEquvbElsWx7zENPJDUFUxwZWukhoqOl1zpttNc5fRsxrII8vZyeTtshEQ7K08BTaQp8nsF3wzABLJSrwvbwavqhtCTo%2Bpetv1jxQD4tGFzqroUlIV2%2BiOutIJRU7r1AEkbep7XXiiFWO5PLqq7SiZqAHKwBo%2FogDe3mDIaV8Yz%2FdpD80ewHAxt9gznQCA7CujfonRDLG1Rf6hdllWfad2y4UOC1HNvY0odxm28OGV3BUzUwNwWF%2FLXrtXo5%2FgbY8eU%3D,you_and_minami,99.4,608,137.89,30.0,https://i.ebayimg.com/images/g/FNAAAeSwl5xp5v7t/s-l225.jpg,yahoo_shopping,スニーカー Onitsuka Tiger MEXICO 66 SLIP-ON / オニツカタイガー メキシコ 66 スリッポン / 1183A360-,https://store.shopping.yahoo.co.jp/zozo/99382264.html?sc_i=shopping-pc-web-result-item-rsltlst-title,11215,zozo,100.0,sneakers_high,sneakers_textile_rubber,1.5,167.89,20.13,31.3,5000,63.82,1.32,41.37,0.3,48.19,7697,28.7,19681,159.74
Nike Air Jordan 1,IR0842-010 Nike Air Jordan 1 Low Black Denim (Men's),https://www.ebay.com/itm/257284310338?_skw=Nike+Air+Jordan+1&hash=item3be7570542:g:d5QAAeSwf1Vpw5sg&amdata=enc%3AAQALAAAA8ACCtXRWQnOEpyOqnQQ8KGZ7rZs5bhZlN1RcnkKhF2dKpz58FLpk6riMI7yxJkXHeK49VqEDebIgRMsz92n8Kl2yRdUMujptrIuR8rbNJc9g7a4%2B7eiTGZqd2r37Q5P3CXE4BSOEUOJhGwqfgitYKKw0fmdUFgP1WiaVTkJGLWgPIZqCmlXqDWxP20h%2FBV7P6eq8VpiiXsvUpK9BDslNC5L2mUY5CzNNSlneX0%2FyJsFwwhsl5OSgeGnLrXxb3H3fCELFec03dbTJaQqgpGdKVxlf%2B51MShK902BHP8Bi22gYE9YF4fxTLiLOvGevF3AUxg%3D%3D,badsneakersjp,99.9,11305,149.0,0.0,https://i.ebayimg.com/images/g/d5QAAeSwf1Vpw5sg/s-l225.jpg,rakuten,"【中古】NIKE AIR JORDAN 1 Low ""Black Denim"" サイズ27.0cm IR0842-010 ナイキ[91]",https://item.rakuten.co.jp/otakarasouko/1-240091401730/?variantId=1-240091401730,10680,お宝創庫,100.0,sneakers_high,sneakers_textile_rubber,1.5,149.0,17.91,31.3,5000,60.78,1.17,44.7,0.3,34.71,5544,23.29,16778,159.74
Sony Alpha 7C,Sony Digitalcamera Ever Ready Leather Case - Black For Alpha A7C/ILCE-7C/7CL,https://www.ebay.com/itm/196926192660?_skw=Sony+Alpha+7C&hash=item2dd9b73c14:g:0jYAAOSw1e1nd5Al&amdata=enc%3AAQALAAAA8ACCtXRWQnOEpyOqnQQ8KGZ%2FkDJibIN7KK%2FoCC%2BAEY6gWItaOvnFlB0%2FpsBHLW%2FH4B0KMo7TpNemVC70W9gce0t6DttJ9nMd4QeUXG%2FoFPUIEkAyh1yv5e1SQ%2F1MeP9YqVy3Zh9QSrwI4TKe6nyzsJXXWNjZqxq1gDG3pdpisfX%2Fk0i16c6mGMOhu1JueVNbAQIDWtyXYkiOdNWpEyuGIgIWF7DAOEOE50flWvtev0GSMmEzKUqWaOPTSt31lTq9LwbOakOGRDrU%2Bsc1xjorMHq4vY0fNv1aakvH3lRVDyn3nscD0vI3RjxAVHAzhUkRVw%3D%3D,sscamerastore,100.0,1196,65.2,30.0,https://i.ebayimg.com/images/g/0jYAAOSw1e1nd5Al/s-l225.jpg,yahoo_shopping,SONY α7C ILCE-7C / ILCE-7CL 一眼レフ カメラバッグ メンズ カメラバッグ ショルダー 手提げ ショルダー・ベルト取り付け 対応 一眼・レンズ収納対応,https://store.shopping.yahoo.co.jp/keitaiichiba/sya7c-t02z-h201031.html?sc_i=shopping-pc-web-result-item-rsltlst-title,2248,keitaiichiba,91.6,cameras,cameras,1.2,95.2,14.35,31.3,5000,12.79,0.72,6.52,0.1,32.91,5257,34.57,8029,159.74
Tamiya Mini 4WD,TAMIYA GP.424 Mini 4WD Portable Pit 15424,https://www.ebay.com/itm/157255767769?_skw=Tamiya+Mini+4WD&hash=item249d2c96d9:g:xI8AAeSw5Jpp8gFD,be9innin9.japan,99.8,4113,80.68,0.0,https://i.ebayimg.com/images/g/xI8AAeSw5Jpp8gFD/s-l225.jpg,yahoo_shopping,タミヤ ミニ四駆グレードアップパーツ GP.424 ミニ四駆 ポータブルピット  ITEM15424,https://store.shopping.yahoo.co.jp/shoptakumi/item15424.html?sc_i=shopping-pc-web-result-item-rsltlst-title,2185,shoptakumi,84.7,default,default,1.0,80.68,14.4,18.91,3020,12.43,0.6,12.1,0.15,31.22,4987,38.69,7670,159.74
Canon EOS R6,Extendable Eyecup Eyepiece for Canon EOS R6 II R5 R6 R5C EOSR6 II EOSR5 EOSR6,https://www.ebay.com/itm/357894796613?_skw=Canon+EOS+R6&hash=item5354313545:g:U-4AAeSwVltpFWC0&amdata=enc%3AAQALAAAA8ACCtXRWQnOEpyOqnQQ8KGa9xyHHAvZKvHKIoyX%2FuJfPSmf9Nz%2B--3wUsNKWL5Td6PMTuKlg4IylHuMyH9DMhyxF5BFIBRjQiCYZDkXsLEKw3Icb7ugs83Cv%2FwMh94GhJ%2F4IJ2U3NgzpzK8HZjX1VJEyIc5M5Ko5xyqPfZCj3H8HcTgkqx89WfcR85aNEiTE8PZZpMfM%2FVQ6LLxvDWQBSSrshh%2FMl4WpfKvatbBcbfYZL5wxeXFThjjAZQMKQ8NCOX2dbAt7O6arewcMGhP83hqQUeAQimevX6k7rzAPK0EULFZY4x10VQ6YK9mwv3E4xA%3D%3D,7daysmart,99.5,809,71.68,13.0,https://i.ebayimg.com/images/g/U-4AAeSwVltpFWC0/s-l225.jpg,rakuten,ハクバ DGF3-CAER6M3 液晶保護フィルムIII Canon EOS R6/R6 Mark III/R6 Mark II/R7専用 【メール便 送料無料】【即納】,https://item.rakuten.co.jp/shasinyasan/4977187348835/?variantId=4977187348835,1080,写真屋さんドットコム,93.2,cameras,cameras,1.2,84.68,12.81,31.3,5000,6.14,0.64,7.17,0.1,30.66,4897,36.2,6466,159.74
Nike Air Jordan 1,Nike AIR JORDAN 1 RETO HIGH OG DZ5485 106   Black Toe  Size 10,https://www.ebay.com/itm/127823504893?_skw=Nike+Air+Jordan+1&hash=item1dc2dfe5fd:g:GVEAAeSwcg9p6IIh,startlabojapan,0.0,0,100.0,35.0,https://i.ebayimg.com/images/g/GVEAAeSwcg9p6IIh/s-l225.jpg,rakuten,【中古】NIKE「AIR JORDAN 1 RETRO HIGH OG」 ハイカットスニーカー DZ5485 402 ダークパウダーブルー サイズ：27.5CM【価格見直し】,https://item.rakuten.co.jp/kind-u/8001001014234/?variantId=8001001014234,12760,ブランド古着のカインドオル,100.0,sneakers_high,sneakers_textile_rubber,1.5,135.0,16.26,31.3,5000,72.61,1.06,30.0,0.3,10.63,1698,7.88,14627,159.74
Nike Dunk Low,DB0500-200 Nike Dunk Low Scrap Archeo Brown Mosaic Bicoastal Sport Spice (Men's),https://www.ebay.com/itm/255938804087?_skw=Nike+Dunk+Low&hash=item3b97243977:g:P3EAAeSwcpBotkzL&amdata=enc%3AAQALAAAA8ACCtXRWQnOEpyOqnQQ8KGbE%2BXOijSJ%2Bre%2BZUigWlAxxnwDWtwNxbTzAD9tz3hA2reyKzPqM1tUYGynEv0mXolenn%2F%2Bm93ZnmaY6PM1UQItZQ4PhRgihLjRjeD1S6qGb1iY%2FKpXadme%2ByXfH8HvyDIF64ahaJ%2BvgLQFGSqKmvwjOtLREb71iVbAU%2B9MuqkuDfb4ox0K%2BXBpIMGR7RxsLRuo7W7FlGcmWZB%2Fv8FnCgbVk%2B7BgBlUxDtaV5A6BomqCsbf3qTzra2OdR5TTqNz0jKmrKQKnjtN8rfmmTsd5GZv0KMlYuN2ROaGnGBAdr4sDtw%3D%3D,badsneakersjp,99.9,11305,317.0,0.0,https://i.ebayimg.com/images/g/P3EAAeSwcpBotkzL/s-l225.jpg,rakuten,【海外限定 お取り寄せ商品】NIKE DUNK LOW SCRAP ARCHEO BROWN ナイキ ダンク ロー スクラップ アーキオブラウン DB0500-200 メンズ レディース 人気 おしゃれ,https://item.rakuten.co.jp/raise-sneaker/s-0010183/,40950,RAISE,97.6,sneakers_high,sneakers_textile_rubber,1.5,317.0,37.25,31.3,5000,233.05,2.5,95.1,0.3,9.77,1561,3.08,42666,159.74
Asics Gel-Lyte III,1203A579-100 Asics Gel-Lyte 3 Trico 2024 (Men's),https://www.ebay.com/itm/256586169079?_skw=Asics+Gel-Lyte+III&hash=item3bbdba3af7:g:NMMAAOSwGKhmsITD,badsneakersjp,99.9,11305,265.0,0.0,https://i.ebayimg.com/images/g/NMMAAOSwGKhmsITD/s-l225.jpg,rakuten,【お取り寄せ商品】ASICS GEL-LYTE 3 TRICO 2024 アシックス ゲルライト3 トリコ2024 1203A579-100 メンズ レディース 人気 おしゃれ,https://item.rakuten.co.jp/raise-sneaker/r-0028327/,33500,RAISE,98.7,sneakers_high,sneakers_textile_rubber,1.5,265.0,31.14,31.3,5000,190.65,2.09,79.5,0.3,6.69,1069,2.53,34675,159.74
Nike Dunk Low,DJ6188-200 Nike Dunk Low Retro Judge Grey Khaki White Hazel Rush Brown (Men's),https://www.ebay.com/itm/256327109416?_skw=Nike+Dunk+Low&hash=item3bae494b28:g:lZsAAOSworpnDjDu&amdata=enc%3AAQALAAAA8ACCtXRWQnOEpyOqnQQ8KGZnHCLSujK7y8yG4hPOJHSjn%2BnpKJRlHRpwbSzqV%2F1htP0q3fmClOUPmNhFNSFMN46DWgcz6jEtHY6C90GRK6iwqkiUbtbLtiHUjnxe3RHzH3FFNLp2p3Vylrj6b90AZbllMCKBacvm0xGIf5tlFMagkwyV3tAxolYn6ciOHOwRBWKF7M900OiQkROQ8BW%2FA7%2FFqKtzKRDQz8KRRvmg0mmaKBv5nG3pySrtyfuHSbjkY7RL5nSsXDGQmzXr0nVPtxt36ARJq26hlwL74jF0KZl1nPo99EcTUpi1N5aS5F2jyQ%3D%3D,badsneakersjp,99.9,11305,151.0,0.0,https://i.ebayimg.com/images/g/lZsAAOSworpnDjDu/s-l225.jpg,rakuten,10 (28cm) 国内正規品【NIKE DUNK LOW RETRO DJ6188-200 KHAKI/WHITE-HAZEL RUSH ナイキ ダンク ロー】,https://item.rakuten.co.jp/heavens21725/1004887/?variantId=1004887,18700,HEAVENS,100.0,sneakers_high,sneakers_textile_rubber,1.5,151.0,17.74,31.3,5000,106.42,1.19,45.3,0.3,-8.79,-1404,-5.82,17155,159.74
Nike Dunk Low,DD1391-300 Nike Dunk Low Miami Hurricanes Gorge Green Total Orange (Men's),https://www.ebay.com/itm/255930268534?_skw=Nike+Dunk+Low&hash=item3b96a1fb76:g:DycAAOSwfQBmF52X&amdata=enc%3AAQALAAAA8ACCtXRWQnOEpyOqnQQ8KGbxy90%2Bfcu%2FnSBQGf4EO38ZuuYsk9sD%2FGf88FBLppT%2B%2BWDDte0WuFe0%2FkSPn2t7mXvMQ6ikBdGueo6o7564u56jMsW5eaK9KJ0Wi4Czb2O5SjaJAO8U2jJCSYW%2B6rmpJYlsoMSnYH%2B6exeHm3sVpqw0%2B97CXvjl%2BW9OuYTvhGsqhTw0Anq3U4vD4on2VXy0diFYf4XRiETrLLEtJXJiJWRqzL2C7wqPGrRrkcQcf4lPz80t%2FcrxqZSTGrrPE3gccs9NWthpXifWgKlgoPolKn7E7S2iErG5l%2FlsPc1gKBbxAw%3D%3D,badsneakersjp,99.9,11305,130.0,0.0,https://i.ebayimg.com/images/g/DycAAOSwfQBmF52X/s-l225.jpg,rakuten,"2022 NIKE / ナイキDunk Low Retro""Gorge Green and Total Orange"" /ダンク ロー レトロゴージ グリーン アンド トータル オレンジ【DD1391-300】正規品 新古品【中古】",https://item.rakuten.co.jp/palm-nut/dd1391-300/,16500,PALM NUT,99.3,sneakers_high,sneakers_textile_rubber,1.5,130.0,15.68,31.3,5000,93.9,1.02,39.0,0.3,-15.03,-2400,-11.56,13858,159.74
Asics Gel-Lyte III,ASICS GEL-Lyte III 3 OG x ATMOS NYC Subway 1201A528-200 Men's Size,https://www.ebay.com/itm/315345728539?_skw=Asics+Gel-Lyte+III&hash=item496c11f41b:g:7JYAAOSwu05mYnfH,yumara13,99.8,12703,198.02,0.0,https://i.ebayimg.com/images/g/7JYAAOSwu05mYnfH/s-l225.jpg,rakuten,【お取り寄せ商品】ASICS GEL-LYTE 3 OG NYC SUBWAY アシックス ゲルライト3 OG NYC サブウェイ 1201A528-200 メンズ レディース 人気 おしゃれ,https://item.rakuten.co.jp/raise-sneaker/r-0020341/,27350,RAISE,100.0,sneakers_high,sneakers_textile_rubber,1.5,198.02,23.27,31.3,5000,155.65,1.56,59.41,0.3,-16.89,-2698,-8.53,24381,159.74
Onitsuka Tiger Mexico 66,Authentic Onitsuka Tiger MEXICO 66 1183C102 751 YELLOW BLACK,https://www.ebay.com/itm/315113505007?_skw=Onitsuka+Tiger+Mexico+66&hash=item495e3a80ef:g:bCUAAOSwupJlrpQi&amdata=enc%3AAQALAAAA8ACCtXRWQnOEpyOqnQQ8KGYbOcH2ntjrHdEU36NZsUR6naMo%2BT9BUnJ%2FjqzSFuTcYYWbDoFcSManZUOm8N8bPD7tiqdYhNV4P1GyWZlRDRbV8uy8FOfa1IzJHnqJ%2FlpRwuTwdNn9L6isb3LbeHcEBVvciiTVRd6c1P7N4hN5JMMC7rKiA0XpeUDXuIBqP8dXMgfS5WOA0MFWCJf0strWCRnr4%2BtPnYlVipajm9DOGvEV4LAyOyPxh8rT56ezBj6%2B186hl1FbzNMATrPD3vZ48DLFPdjEVW%2B2T%2FVT9%2Fz2Sh3nhpZWeNmv7m%2BK8%2FCB9HFYSA%3D%3D,good-value-japan,100.0,2422,139.0,39.0,https://i.ebayimg.com/images/g/bCUAAOSwupJlrpQi/s-l225.jpg,rakuten,"【15時までのご注文で即日発送！！】Onitsuka Tiger オニツカタイガー メキシコ スニーカー MEXICO 66 ""Yellow/Black"" ( 黄色 イエロー メンズ レディース ウィメンズ 1183C102-751 )",https://item.rakuten.co.jp/precious-place/6822/,24970,PRECIOUS PLACE,100.0,sneakers_high,sneakers_textile_rubber,1.5,178.0,21.32,31.3,5000,142.1,1.4,41.7,0.3,-21.25,-3394,-11.94,21235,159.74
Nike Dunk Low,HV5980-231 Nike Dunk Low Retro Year of The Snake (Men's),https://www.ebay.com/itm/256759953853?_skw=Nike+Dunk+Low&hash=item3bc815f9bd:g:hEEAAeSwoPposT0n&amdata=enc%3AAQALAAAA8ACCtXRWQnOEpyOqnQQ8KGazv%2Bn%2B6%2BuWA%2B1%2BS8En5LiS9jM8JEmdNu8dnEu%2F0lzcwwTnF1het9v06RSvTVzNjKZtEQEV1o1I9V1QJDTa6GDUM1jMbRSGbNNZTHL%2Bn4rjvPCRC92hCUWvNFV3eLzVkRId8Rn9vgfEHSGIhuxs93X1bdmYD0jlQEYuU4qnRjMOFrfZOD2kh4hKAa9G0QIgnC8XuH9GH5r1JDtONicz%2BzFygY%2B0aY9E%2FH6weT4NUCNpyJ3riTLhHf0qcZFKmDJPZgFB1jlNtJHwXHES6BXgdKSPg4vbxnt13%2FLp9itVQZgqpA%3D%3D,badsneakersjp,99.9,11305,215.0,0.0,https://i.ebayimg.com/images/g/hEEAAeSwoPposT0n/s-l225.jpg,rakuten,【お取り寄せ商品】NIKE DUNK LOW RETRO YEAR OF THE SNAKE ナイキ ダンク ロー レトロ イヤー オブ ザ スネーク HV5980-231 メンズ レディース 人気 おしゃれ,https://item.rakuten.co.jp/raise-sneaker/r-0036067/,31250,RAISE,100.0,sneakers_high,sneakers_textile_rubber,1.5,215.0,25.26,31.3,5000,177.85,1.7,64.5,0.3,-24.24,-3872,-11.27,26991,159.74
Boss GT-1000,Boss GT-1000 Core Electric Guitar Multi-Effects Processor Pedal Black w/Adapter,https://www.ebay.com/itm/305670095528?_skw=Boss+GT-1000&hash=item472b5b82a8:g:XyoAAOSwQxRmkP86,samuraisoul142142,99.9,12189,534.11,133.0,https://i.ebayimg.com/images/g/XyoAAOSwQxRmkP86/s-l225.jpg,rakuten,【中古】BOSS / GT-1000 Guitar Effects Processor 【新宿店】【3/26 値下げ！】,https://item.rakuten.co.jp/ishibashi-shops/06-2800005215335/?variantId=06-2800005215335,94800,イシバシ楽器 17Shops,99.3,musical_inst,musical_inst,3.0,667.11,111.47,43.82,7000,539.51,4.99,89.2,0.167,-35.81,-5720,-5.37,88506,159.74
Onitsuka Tiger Mexico 66,Onitsuka Tiger MEXICO 66 Kill Bill 1183C102 751 YELLOW BLACK,https://www.ebay.com/itm/355315032752?_skw=Onitsuka+Tiger+Mexico+66&hash=item52ba6d22b0:g:DQ4AAOSwkoxlh7KT&amdata=enc%3AAQALAAAA8ACCtXRWQnOEpyOqnQQ8KGaBKBxQpIUseX7CAmIA5VMZHNG%2FjzwowUqqwKh5fpfAx4epsgmem3EPcG9RCdbwla8xwB6vV6hdT%2FjgpfcCImxFRmdia3FjHEGKgfDIzRZhRIcJNGtK4a6%2FK1cXbO86Tu66zAcJgYrhKgDvrWsFXWBiEVVSTlNZZZ4moi04T6EuQj9tcw2FVd%2Blf5Gj99%2BkJIUagn64fMcMrCrpjs344QiSOxnfPHGlPWLrHqFNWbyr7Jnsqxe%2FzfBIyKv32qeBO%2B3ILGSFEthyIPcZ9J0XdK0FCwybZq6%2Fr3mzhKK1d0hxqA%3D%3D,rioxxrinaxjapan,99.8,9464,150.0,30.0,https://i.ebayimg.com/images/g/DQ4AAOSwkoxlh7KT/s-l225.jpg,rakuten,オニツカタイガー スニーカー Onitsuka Tiger メンズ レディース MEXICO 66 メキシコ 66 BLACK ブラック 1183C102.002 シューズ,https://item.rakuten.co.jp/upsuke/sn-ot23-83c102002/,33290,upsuke,100.0,sneakers_high,sneakers_textile_rubber,1.5,180.0,21.15,31.3,5000,189.45,1.42,45.0,0.3,-66.45,-10615,-36.92,21612,159.74
Nike Air Jordan 1,DM1206-060 Nike Air Jordan 1 Low EasyOn Black Cement (Men's),https://www.ebay.com/itm/256513107144?_skw=Nike+Air+Jordan+1&hash=item3bb95f64c8:g:YDAAAOSwhUVoNBwv&amdata=enc%3AAQALAAAA8ACCtXRWQnOEpyOqnQQ8KGbomuxCoWmtWIsKng292GUN4vKul%2FKwVsfu7MyGt%2FsHtt0SB29j4Z60uKOGgZGJiicGCqVZxKkOl7i3%2BH5BtwE6D0VVinjsAtBlBzjbjq0zwB7EFn30nMpzgYsT8PAEjnds7aMox8M%2BrrzeMtqI%2BtspORBRRgtoSidt0M%2FflNaXqyYk5UKLvTLmk8WitTxv8CgnClDznt2X7AN5CK2L6Nm9U%2B8%2BZ4%2FmF9GrJYtqwHR%2F4SlvlplS87q1B8bXIApZ%2FgVjnjJKtAPNCP8%2FWa6f%2FY%2Fg0JI62QA4J9uuSD6QwzZV7g%3D%3D,badsneakersjp,99.9,11305,160.0,0.0,https://i.ebayimg.com/images/g/YDAAAOSwhUVoNBwv/s-l225.jpg,rakuten,【お取り寄せ商品】NIKE AIR JORDAN 1 LOW EASYON BLACK CEMENT ナイキ エアジョーダン1 ロー イージーオン ブラックセメント DM1206-060 メンズ レディース,https://item.rakuten.co.jp/raise-sneaker/r-0025727/?variantId=26cm,31000,RAISE,100.0,sneakers_high,sneakers_textile_rubber,1.5,160.0,18.8,31.3,5000,176.42,1.26,48.0,0.3,-70.91,-11328,-44.32,18538,159.74
Onitsuka Tiger Mexico 66,Onitsuka Tiger MEXICO 66 Sneakers Unisex Shoes 1183C102 Various colors Size,https://www.ebay.com/itm/317778351286?_skw=Onitsuka+Tiger+Mexico+66&hash=item49fd10d4b6:g:evIAAeSwVZdpq-O5&amdata=enc%3AAQALAAAA8ACCtXRWQnOEpyOqnQQ8KGZU1S0%2Ffa1B9i%2B7b5H3RJ1mSDL7AtdFtXUf0L%2FTFptBdIoldSwcBJynX1aYUmD25TIKB%2FBjDEcHwQLNTUmIUrLjH7v1l%2BpLMNW%2B9aACp5BaHsdluzdBBqDN8RWQPq%2B13%2FaBv%2FolbSk%2B3OSZenUMcSv6II6g%2BHqFn6G9u2DL%2FYgWLegsVP59SaNpg8AyZf%2BYfRYALGzWfquP9s1Ma7hJGiv8Y3RUUPRxzJTlM5rqKfm5Z2OG832xdcs0w2aCNykGiSSfaEapPQ1xtd7UCvtpF0HTAngIZvM%2FSxL1znX9StOguA%3D%3D,tsun1818-japan,99.4,806,145.0,30.0,https://i.ebayimg.com/images/g/evIAAeSwVZdpq-O5/s-l225.jpg,rakuten,オニツカタイガー スニーカー Onitsuka Tiger メンズ レディース MEXICO 66 メキシコ 66 BLACK ブラック 1183C102.002 シューズ,https://item.rakuten.co.jp/upsuke/sn-ot23-83c102002/,33290,upsuke,98.3,sneakers_high,sneakers_textile_rubber,1.5,175.0,20.96,31.3,5000,189.45,1.38,43.5,0.3,-71.22,-11377,-40.7,20774,159.74
Nike Air Jordan 1,IO7449-600 Nike Air Jordan 1 Mid Team Red (Men's),https://www.ebay.com/itm/257274345305?_skw=Nike+Air+Jordan+1&hash=item3be6bef759:g:6TMAAeSwv6JpsMkR&amdata=enc%3AAQALAAAA8ACCtXRWQnOEpyOqnQQ8KGbl25iyjbivYvJrFWx9lWNx7EHIkXub0t98TgkJieh2hik%2F1WAHmOjDtDFco%2BhUWplUow8XVMeUXzuyrcMDTXH1req8Yngz1NOC8EjG42gMLV5P4I1qdYQw3ZplVuT2Ojylb8giVmm0umChmZnYn3RkLChIgpRXkDPdTovGMpthw5ZhKD64UQT%2FET1FOfcxfZz%2FikrVO%2B9cgcUtk65hpuLWCiz9lJ9rOjk3yR0Q%2B1lbZtWtHogzVIP%2B3AXeTISYkrPL5PiSFrDP2HeLTlABTeHSP2hKYiXSl9aP07AEPMXPzg%3D%3D,badsneakersjp,99.9,11305,158.0,0.0,https://i.ebayimg.com/images/g/6TMAAeSwv6JpsMkR/s-l225.jpg,rakuten,【お取り寄せ商品】NIKE AIR JORDAN 1 MID TEAM RED ナイキ エアジョーダン1 ミッド チームレッド IO7449-600 メンズ レディース 人気 おしゃれ,https://item.rakuten.co.jp/raise-sneaker/r-0047120/,32750,RAISE,100.0,sneakers_high,sneakers_textile_rubber,1.5,158.0,18.57,31.3,5000,186.38,1.25,47.4,0.3,-82.62,-13198,-52.29,18231,159.74
Boss GT-1000,BOSS GT-1000 CORE Guitar Effects Processor,https://www.ebay.com/itm/358323980030?_skw=Boss+GT-1000&hash=item536dc606fe:g:Yv8AAeSwDTNp1Jtl&amdata=enc%3AAQALAAAA8ACCtXRWQnOEpyOqnQQ8KGYTIu7JtWZWA8R1AGReHCySQd8QFODdKAMIAjTbE2H3EP%2BO2hfpswDz9GdSeVFbE7aj1TZT6V9CVjPGRXMKi6PU8nrTJtJV2c%2BKnLQUSZkoMl%2F2Z628qbopH%2BrNODejBKkjeCRHJMN2OUnzVHZWUpF7dfVBceGq60rG6xdP6G%2BakAgQvY6M3xo3a7DAWXk6ao9ie9ctBzHoqxPC3DZaSmzalblOdBAlqXD1VkQzRDifH82aB62q5sweMBtGS%2FOc%2FdrEHrwhujJQJha2b%2BcrHqKCbJ4k4b0%2B%2BsaFqbsiowGk7w%3D%3D,sakurasoundlab,95.7,223,581.59,155.44,https://i.ebayimg.com/images/g/Yv8AAeSwDTNp1Jtl/s-l225.jpg,rakuten,BOSS / GT-1000 Guitar Effects Processor 【Version 4.0】ギター/ベース用マルチエフェクター ボス エフェクター GT1000【YRK】【PTNB】,https://item.rakuten.co.jp/ishibashi/83-4957054512507/?variantId=83-4957054512507,132000,イシバシ楽器 WEB SHOP,100.0,musical_inst,musical_inst,3.0,737.03,123.12,43.82,7000,751.21,5.51,97.13,0.167,-189.76,-30312,-25.75,98655,159.74
Asics Gel-Lyte III,Asics Gel-Lyte III Trico 2024 White Blue 1203A579-100 Men's Sneakers Authentic,https://www.ebay.com/itm/396761704530?_skw=Asics+Gel-Lyte+III&hash=item5c60d72852:g:RN4AAOSwBHloU2Jw,limitto,99.6,1768,205.33,0.0,https://i.ebayimg.com/images/g/RN4AAOSwBHloU2Jw/s-l225.jpg,rakuten,ASICS アシックス メンズ スニーカー 【ASICS Gel-Lyte III OG 'White Blue' 1203A579-100】 サイズ US_9(27.0cm),https://item.rakuten.co.jp/asty-shop/e2-gyszjnxaqw-4673/?variantId=e2-gyszjnxaqw-4673,61800,asty,100.0,sneakers_high,sneakers_textile_rubber,1.5,205.33,24.13,31.3,5000,351.7,1.62,61.6,0.3,-206.55,-32995,-100.59,25505,159.74
Asics Gel-Lyte III,ASICS GEL-LYTE III OG 1203A579 100 WHITE BLUE Sports Style Shoes,https://www.ebay.com/itm/356011850658?_skw=Asics+Gel-Lyte+III&hash=item52e3f5bba2:g:Z0oAAOSwrGxm19VM&amdata=enc%3AAQALAAAA8ACCtXRWQnOEpyOqnQQ8KGaee53r9icchRhnFeTwjImDA6w3%2BIeCcvNFpAuO0ceGmQ8JGgSS8txZxlZa%2Fc1n%2BpikhRcyTckLgLJAuGOUHhCXF2KYehfjvmKkJyk0JuNARrPskGmZk0KkqIo3j%2BMEOMVBAnBL2OxjU2iNKaAlgjHaVYe3G9oCMDKAkAN1bgD4yAZJuTFSVhLidZEINqwkRGB6rTtdr%2FllxHuAdJf19XmfNrVgBZ26tkdn71ZD3WceVaOdr3zgFa70Ewjcl%2FbTBfMQtIpUXAqR7GIEGNGOGlO8X3l4Y5oU9BLo9oWY3PpP5g%3D%3D,rioxxrinaxjapan,99.8,9464,150.0,30.0,https://i.ebayimg.com/images/g/Z0oAAOSwrGxm19VM/s-l225.jpg,rakuten,ASICS アシックス メンズ スニーカー 【ASICS Gel-Lyte III OG 'White Blue' 1203A579-100】 サイズ US_9(27.0cm),https://item.rakuten.co.jp/asty-shop/e2-gyszjnxaqw-4673/?variantId=e2-gyszjnxaqw-4673,61800,asty,98.4,sneakers_high,sneakers_textile_rubber,1.5,180.0,21.15,31.3,5000,351.7,1.42,45.0,0.3,-228.71,-36533,-127.06,21612,159.74
Nike Dunk Low,DA6125-900 Nike Dunk Low City Market Red White Beige Multi Green Yellow (Men's),https://www.ebay.com/itm/255933640320?_skw=Nike+Dunk+Low&hash=item3b96d56e80:g:qJUAAeSwIbBoa2EK&amdata=enc%3AAQALAAAA8ACCtXRWQnOEpyOqnQQ8KGZD7SsLiuD70oGlmIYd1mdCVj9Dbc06YKEA9UZCFKSE0A%2F2QyZAfwx1m3H9q9%2FG8IMTbTFgqMqD3Qrf7RseGZS5j03c8TBZu%2FnQFmmreh3UunJOs8fdd8wVrCP8SyGaeA7drmYMb1JHvpOm4%2BTaAQw8O5t4AuUS9J5IfspzDPZnoWgRc62PQfTL0isHsyv6mpxceE%2FQAsSP3xq3Nq1I63U9b6aP3dl%2FoKQS02v5C3HH00PzjSI468cWQEYXDcXpXlIBn1YznU4e6ovRjhCSJsG8bc6jcNmfq%2BEMYoyrGlTlXg%3D%3D,badsneakersjp,99.9,11305,290.0,0.0,https://i.ebayimg.com/images/g/qJUAAeSwIbBoa2EK/s-l225.jpg,rakuten,Nike ナイキ メンズ スニーカー 【Nike Dunk Low 'City Market' DA6125-900】 サイズ US_M_3.5,https://item.rakuten.co.jp/asty-shop/e2-1zmvdu2hud-fwx8/?variantId=e2-1zmvdu2hud-fwx8,79800,asty,95.9,sneakers_high,sneakers_textile_rubber,1.5,290.0,34.08,31.3,5000,454.14,2.29,87.0,0.3,-234.94,-37529,-81.01,38517,159.74
Asics Gel-Lyte III,ASICS GEL-Lyte III 3 OG Aged Map atmos 1201A856-300,https://www.ebay.com/itm/285926303496?_skw=Asics+Gel-Lyte+III&hash=item4292892708:g:fB8AAOSwa9tmc4pt&amdata=enc%3AAQALAAAA8ACCtXRWQnOEpyOqnQQ8KGYni%2F6HBS9jXmlRLibJBacfuQ7g6HM54dGluCn90PTawzfQBS0XX2fAyX9dWvs8CG8J4E%2BMaCTJzE%2FndDTep4eo4NqECpHjYYGP%2BiwC18mq3dREm2t3kVagQkmUuwTVW3jZflNxn5rJPpTQbLMq3Skx5AcX1k%2FThhcQm%2BKDEPh69HvvLRkz%2BLsBE2A92eLR8dpoVoFpuJwfisv6kuCV1uQrFgJZ9N0QTu0Buaf9si%2BqB6s8FNaqZXtzQehp1VyKMwMtGvL4sGM7BcMkUH6gftcESAudXPxMPGNBLByqzeG1CQ%3D%3D,arumik_co,99.2,2002,208.4,44.95,https://i.ebayimg.com/images/g/fB8AAOSwa9tmc4pt/s-l225.jpg,rakuten,ASICS アシックス メンズ スニーカー 【ASICS x atmos Gel-Lyte 3 OG 'Aged Map' 1201A856-300】 サイズ US_11(29.0cm),https://item.rakuten.co.jp/asty-shop/e2-246udpwwmb-elq9/?variantId=e2-246udpwwmb-elq9,87800,asty,100.0,sneakers_high,sneakers_textile_rubber,1.5,253.35,29.77,31.3,5000,499.67,2.0,62.52,0.3,-312.52,-49923,-123.36,32884,159.74
Canon EOS R6,OFFICIAL Canon EF-EOS R Mount Adapter for EOS RP EOS R EOS R6 EOS R5 New F/S,https://www.ebay.com/itm/406754097792?_skw=Canon+EOS+R6&hash=item5eb46efa80:g:bhQAAeSwsI9olnJG&amdata=enc%3AAQALAAAA8ACCtXRWQnOEpyOqnQQ8KGY4gOrWHlBbeGsTZ%2BH9%2FT%2FXiUj%2BirKNDmIrzL6mLKqDgX98sbX3CTERkoOz5Jor1%2BEHZrhjrZl4niBl07nYvtEZ8MUxKmQH8NM%2Fm5%2B%2FoaRSCLNoPYWiJQChTg6qgziTy%2B96MTu87ev6%2BIgOnpAvRqL9j8S%2FXWMSVSf%2FprqDm91QIzhEr5YcVOJidDcgtkqptcepBfG2Kw2%2BKk5B5v012re7oTxiUhgmYMHe4wx1Dq3ChRw2H3IFxkxRw9UzUVLYz7Hu4S1FHI3PXl7U44UhrqMjsN12fY82X9ehr8NrFxodBw%3D%3D,kenz-1425,100.0,935,199.83,0.0,https://i.ebayimg.com/images/g/bhQAAeSwsI9olnJG/s-l225.jpg,yahoo_shopping,Canon キヤノン　 ミラーレスカメラ EOS R6 EOSR6,https://store.shopping.yahoo.co.jp/alljapan-online-shop/4549292157253.html?sc_i=shopping-pc-web-result-item-rsltlst-title,247204,alljapan-online-shop,91.4,default,default,1.0,199.83,35.07,18.91,3020,1406.85,1.48,29.97,0.15,-1265.6,-202168,-633.34,24818,159.74
