,,,,,,,,
,,,,,,,,
,モデル,カラー,型番,仕入値,性別,商品URL,商品画像URL,価格
,Mexico 66,1183C102.002,BLACK/BLACK,"11,550",UNISEX,https://www.onitsukatiger.com/jp/ja-jp/product/mexico-66/1183C102_002.html,"https://asics.scene7.com/is/image/asics/1183C102_002_SB_FR_GLB?$otmag_zoom$&qlt=99,1",125
,Mexico 66,1183C102.100,WHITE/BLUE,"11,550",UNISEX,https://www.onitsukatiger.com/jp/ja-jp/product/mexico-66/1183C102_100.html,"https://asics.scene7.com/is/image/asics/1183C102_100_SB_FR_GLB?$otmag_zoom$&qlt=99,1",125
,Mexico 66,1183C102.201,BIRCH/GREEN,"11,550",UNISEX,https://www.onitsukatiger.com/jp/ja-jp/product/mexico-66/1183C102_201.html,"https://asics.scene7.com/is/image/asics/1183C102_201_SB_FR_GLB?$otmag_zoom$&qlt=99,1",125
,Mexico 66,1183C102.200,BIRCH/PEACOAT,"11,550",UNISEX,https://www.onitsukatiger.com/jp/ja-jp/product/mexico-66/1183C102_200.html,"https://asics.scene7.com/is/image/asics/1183C102_200_SB_FR_GLB?$otmag_zoom$&qlt=99,1",125
,Mexico 66,1183C102.751,YELLOW/BLACK,"11,550",UNISEX,https://www.onitsukatiger.com/jp/ja-jp/product/mexico-66/1183C102_751.html,"https://asics.scene7.com/is/image/asics/1183C102_751_SB_FR_GLB?$otmag_zoom$&qlt=99,1",125
,Mexico 66,1183C102.001,BLACK/WHITE,"11,550",UNISEX,https://www.onitsukatiger.com/jp/ja-jp/product/mexico-66/1183C102_001.html,"https://asics.scene7.com/is/image/asics/1183C102_001_SB_FR_GLB?$otmag_zoom$&qlt=99,1",125
,Mexico 66,1183C102.250,BEIGE/GRASS GREEN,"11,550",UNISEX,https://www.onitsukatiger.com/jp/ja-jp/product/mexico-66/1183C102_250.html,"https://asics.scene7.com/is/image/asics/1183C102_250_SB_FR_GLB?$otmag_zoom$&qlt=99,1",125
,Mexico 66,1183C102.104,WHITE/WHITE,"11,550",UNISEX,https://www.onitsukatiger.com/jp/ja-jp/product/mexico-66/1183C102_104.html,"https://asics.scene7.com/is/image/asics/1183C102_104_SB_FR_GLB?$otmag_zoom$&qlt=99,1",125
,Mexico 66,1183C102.752,IVORY/BLACK,"11,550",UNISEX,https://www.onitsukatiger.com/jp/ja-jp/product/mexico-66/1183C102_752.html,"https://asics.scene7.com/is/image/asics/1183C102_752_SB_FR_GLB?$otmag_zoom$&qlt=99,1",125
,Mexico 66,1183C102.204,BIRCH/RUST ORANGE,"11,550",UNISEX,https://www.onitsukatiger.com/jp/ja-jp/product/mexico-66/1183C102_204.html,"https://asics.scene7.com/is/image/asics/1183C102_204_SB_FR_GLB?$otmag_zoom$&qlt=99,1",125
,Mexico 66,1183C102.203,CLAY CANYON/PAPER BAG,"11,550",UNISEX,https://www.onitsukatiger.com/jp/ja-jp/product/mexico-66/1183C102_203.html,"https://asics.scene7.com/is/image/asics/1183C102_203_SB_FR_GLB?$otmag_zoom$&qlt=99,1",125
,Mexico 66,1183C102.701,DRAGON FRUIT/BLACK,"11,550",UNISEX,https://www.onitsukatiger.com/jp/ja-jp/product/mexico-66/1183C102_701.html,"https://asics.scene7.com/is/image/asics/1183C102_701_SB_FR_GLB?$otmag_zoom$&qlt=99,1",125
,Mexico 66,1183C102.105,WHITE/CLASSIC RED,"11,550",UNISEX,https://www.onitsukatiger.com/jp/ja-jp/product/mexico-66/1183C102_105.html,"https://asics.scene7.com/is/image/asics/1183C102_105_SB_FR_GLB?$otmag_zoom$&qlt=99,1",125
,Mexico 66,1183C102.600,CLASSIC RED/BLACK,"11,550",UNISEX,https://www.onitsukatiger.com/jp/ja-jp/product/mexico-66/1183C102_600.html,"https://asics.scene7.com/is/image/asics/1183C102_600_SB_FR_GLB?$otmag_zoom$&qlt=99,1",125
,Mexico 66,1183C102.005,BLACK/DRAGON FRUIT,"11,550",UNISEX,https://www.onitsukatiger.com/jp/ja-jp/product/mexico-66/1183C102_005.html,"https://asics.scene7.com/is/image/asics/1183C102_005_SB_FR_GLB?$otmag_zoom$&qlt=99,1",125
,Mexico 66,1183B566.700,ROSE GOLD/CREAM,"11,550",UNISEX,https://www.onitsukatiger.com/jp/ja-jp/product/mexico-66/1183b566_700.html,"https://asics.scene7.com/is/image/asics/1183B566_700_SB_FR_GLB?$otmag_zoom$&qlt=99,1",125
,Mexico 66,1183B566.020,PURE SILVER/BLACK,"11,550",UNISEX,https://www.onitsukatiger.com/jp/ja-jp/product/mexico-66/1183B566_020.html,"https://asics.scene7.com/is/image/asics/1183B566_020_SB_FR_GLB?$otmag_zoom$&qlt=99,1",125
,Mexico 66,1183B566.200,GOLD/BLACK,"11,550",UNISEX,https://www.onitsukatiger.com/jp/ja-jp/product/mexico-66/1183b566_200.html,"https://asics.scene7.com/is/image/asics/1183B566_200_SB_FR_GLB?$otmag_zoom$&qlt=99,1",125
,Mexico 66,1183B566.021,SILVER/OFF WHITE,"11,550",UNISEX,https://www.onitsukatiger.com/jp/ja-jp/product/mexico-66/1183B566_021.html,"https://asics.scene7.com/is/image/asics/1183B566_021_SB_FR_GLB?$otmag_zoom$&qlt=99,1",125
,Mexico 66,1183B566.201,GOLD/WHITE,"11,550",UNISEX,https://www.onitsukatiger.com/jp/ja-jp/product/mexico-66/1183B566_201.html,"https://asics.scene7.com/is/image/asics/1183B566_201_SR_FR_GLB?$otmag_zoom$&qlt=99,1",125
,Mexico 66,1183B566.022,GUNMETAL/BLACK,"11,550",UNISEX,https://www.onitsukatiger.com/jp/ja-jp/product/mexico-66/1183B566_022.html,"https://asics.scene7.com/is/image/asics/1183B566_022_SB_FR_GLB?$otmag_zoom$&qlt=99,1",125
,Mexico 66,1183A201.254,OATMEAL/GINGER PEACH,"11,550",UNISEX,https://www.onitsukatiger.com/jp/ja-jp/product/mexico-66/1183a201_254.html,"https://asics.scene7.com/is/image/asics/1183A201_254_SB_FR_GLB?$otmag_zoom$&qlt=99,1",125
,Mexico 66,1183A201.304,AIRY GREEN/VERDIGRIS GREEN,"11,550",UNISEX,https://www.onitsukatiger.com/jp/ja-jp/product/mexico-66/1183A201_304.html,"https://asics.scene7.com/is/image/asics/1183A201_304_SB_FR_GLB?$otmag_zoom$&qlt=99,1",125
,Mexico 66,1183A201.003,BLACK/YELLOW,"11,550",UNISEX,https://www.onitsukatiger.com/jp/ja-jp/product/mexico-66/1183A201_003.html,"https://asics.scene7.com/is/image/asics/1183A201_003_SB_FR_GLB?$otmag_zoom$&qlt=99,1",125
,Mexico 66,1183A201.305,GARDEN GREEN/PURE SILVER,"11,550",UNISEX,https://www.onitsukatiger.com/jp/ja-jp/product/mexico-66/1183A201_305.html,"https://asics.scene7.com/is/image/asics/1183A201_305_SB_FR_GLB?$otmag_zoom$&qlt=99,1",125
,Mexico 66,1183A201.126,WHITE/BLACK,"11,550",UNISEX,https://www.onitsukatiger.com/jp/ja-jp/product/mexico-66/1183A201_126.html,"https://asics.scene7.com/is/image/asics/1183A201_126_SB_FR_GLB?$otmag_zoom$&qlt=99,1",125
,Mexico 66,1183A201.127,CREAM/LIGHT SAGE,"11,550",UNISEX,https://www.onitsukatiger.com/jp/ja-jp/product/mexico-66/1183A201_127.html,"https://asics.scene7.com/is/image/asics/1183A201_127_SB_FR_GLB?$otmag_zoom$&qlt=99,1",125
,Mexico 66,1183B511.100,WHITE/DARK BLUE,"11,550",UNISEX,https://www.onitsukatiger.com/jp/ja-jp/product/mexico-66/1183b511_100.html,"https://asics.scene7.com/is/image/asics/1183B511_100_SB_FR_GLB?$otmag_zoom$&qlt=99,1",125
,Mexico 66 SD,1183A872.255,WARM BEIGE/BLACK,13090,UNISEX,https://www.onitsukatiger.com/jp/ja-jp/product/mexico-66-sd/1183A872_255.html,"https://asics.scene7.com/is/image/asics/1183A872_255_SB_FR_GLB?$otmag_zoom$&qlt=99,1",150
,Mexico 66 SD,1183A872.003,BLACK/WHITE,13090,UNISEX,https://www.onitsukatiger.com/jp/ja-jp/product/mexico-66-sd/1183A872_003.html,"https://asics.scene7.com/is/image/asics/1183A872_003_SB_FR_GLB?$otmag_zoom$&qlt=99,1",150
,Mexico 66 SD,1183A872.100,BIRCH/GREEN,13090,UNISEX,https://www.onitsukatiger.com/jp/ja-jp/product/mexico-66-sd/1183A872_100.html,"https://asics.scene7.com/is/image/asics/1183A872_100_SR_FR_GLB?$otmag_zoom$&qlt=99,1",150
,Mexico 66 SD,1183A872.101,CREAM/PEACOAT,13090,UNISEX,https://www.onitsukatiger.com/jp/ja-jp/product/mexico-66-sd/1183A872_101.html,"https://asics.scene7.com/is/image/asics/1183A872_101_SR_FR_GLB?$otmag_zoom$&qlt=99,1",150
,Mexico 66 SD,1183A872.106,WHITE/ROSE GOLD,13090,UNISEX,https://www.onitsukatiger.com/jp/ja-jp/product/mexico-66-sd/1183A872_106.html,"https://asics.scene7.com/is/image/asics/1183A872_106_SB_FR_GLB?$otmag_zoom$&qlt=99,1",150
,Mexico 66 SD,1183A872.200,BIRCH/PEACOAT,13090,UNISEX,https://www.onitsukatiger.com/jp/ja-jp/product/mexico-66-sd/1183A872_200.html,"https://asics.scene7.com/is/image/asics/1183A872_200_SR_FR_GLB?$otmag_zoom$&qlt=99,1",150
,Mexico 66 SD,1183A872.117,WHITE/WHITE,13090,UNISEX,https://www.onitsukatiger.com/jp/ja-jp/product/mexico-66-sd/1183A872_117.html,"https://asics.scene7.com/is/image/asics/1183A872_117_SB_FR_GLB?$otmag_zoom$&qlt=99,1",150
,Mexico 66 SD,1183A872.254,BEIGE/GREEN,13090,UNISEX,https://www.onitsukatiger.com/jp/ja-jp/product/mexico-66-sd/1183A872_254.html,"https://asics.scene7.com/is/image/asics/1183A872_254_SB_FR_GLB?$otmag_zoom$&qlt=99,1",150
,Mexico 66 SD,1183A872.752,YELLOW/BLACK,13090,UNISEX,https://www.onitsukatiger.com/jp/ja-jp/product/mexico-66-sd/1183A872_752.html,"https://asics.scene7.com/is/image/asics/1183A872_752_SB_FR_GLB?$otmag_zoom$&qlt=99,1",150
,Mexico 66 SD,1183A872.204,LICORICE BROWN/CHAMPAGNE,13090,UNISEX,https://www.onitsukatiger.com/jp/ja-jp/product/mexico-66-sd/1183A872_204.html,"https://asics.scene7.com/is/image/asics/1183A872_204_SB_FR_GLB?$otmag_zoom$&qlt=99,1",150
,Mexico 66 SD,1183A872.402,OCEAN HAZE/PALE MINT,13090,UNISEX,https://www.onitsukatiger.com/jp/ja-jp/product/mexico-66-sd/1183A872_402.html,"https://asics.scene7.com/is/image/asics/1183A872_402_SB_FR_GLB?$otmag_zoom$&qlt=99,1",150
,Mexico 66 SD,1183A872.121,OFF-WHITE/SPRUCE GREEN,13090,UNISEX,https://www.onitsukatiger.com/jp/ja-jp/product/mexico-66-sd/1183A872_121.html,"https://asics.scene7.com/is/image/asics/1183A872_121_SB_FR_GLB?$otmag_zoom$&qlt=99,1",150
,Mexico 66 SD,1183A872.004,BLACK/BLACK,13090,UNISEX,https://www.onitsukatiger.com/jp/ja-jp/product/mexico-66-sd/1183A872_004.html,"https://asics.scene7.com/is/image/asics/1183A872_004_SB_FR_GLB?$otmag_zoom$&qlt=99,1",150
,Mexico 66 SD,1183A872.122,CREAM/PURE GOLD,13090,UNISEX,https://www.onitsukatiger.com/jp/ja-jp/product/mexico-66-sd/1183A872_122.html,"https://asics.scene7.com/is/image/asics/1183A872_122_SB_FR_GLB?$otmag_zoom$&qlt=99,1",150
,Mexico 66 SD,1183A592.200,BIRCH/SILVER,13090,UNISEX,https://www.onitsukatiger.com/jp/ja-jp/product/mexico-66-sd/1183a592_200.html,"https://asics.scene7.com/is/image/asics/1183A592_200_SB_FR_GLB?$otmag_zoom$&qlt=99,1",150
,Mexico 66 SD,1183B955.020,PURE SILVER/CREAM,13090,UNISEX,https://www.onitsukatiger.com/jp/ja-jp/product/mexico-66-sd/1183b955_020.html,"https://asics.scene7.com/is/image/asics/1183B955_020_SB_FR_GLB?$otmag_zoom$&qlt=99,1",150
,Mexico 66 SD,1183C115.001,BLACK/BLACK,13860,UNISEX,https://www.onitsukatiger.com/jp/ja-jp/product/mexico-66-sd/1183c115_001.html,"https://asics.scene7.com/is/image/asics/1183C115_001_SB_FR_GLB?$otmag_zoom$&qlt=99,1",150
,Mexico 66 SD,1183C115.020,METROPOLIS/METROPOLIS,13860,UNISEX,https://www.onitsukatiger.com/jp/ja-jp/product/mexico-66-sd/1183C115_020.html,"https://asics.scene7.com/is/image/asics/1183C115_020_SB_FR_GLB?$otmag_zoom$&qlt=99,1",150
,Mexico 66 SD,1183C468.301,JADE/CREAM,13860,UNISEX,https://www.onitsukatiger.com/jp/ja-jp/product/mexico-66-sd/1183c468_301.html,"https://asics.scene7.com/is/image/asics/1183C468_301_SB_FR_GLB?$otmag_zoom$&qlt=99,1",150
,Mexico 66 SD,1183C468.020,METROPOLIS/CREAM,13860,UNISEX,https://www.onitsukatiger.com/jp/ja-jp/product/mexico-66-sd/1183C468_020.html,"https://asics.scene7.com/is/image/asics/1183C468_020_SB_FR_GLB?$otmag_zoom$&qlt=99,1",150
,Mexico 66 SD,1183C468.200,DESERT CAMP/CREAM,13860,UNISEX,https://www.onitsukatiger.com/jp/ja-jp/product/mexico-66-sd/1183C468_200.html,"https://asics.scene7.com/is/image/asics/1183C468_200_SB_FR_GLB?$otmag_zoom$&qlt=99,1",150
,Mexico 66 SD,1183C468.300,PALE MINT/CREAM,13860,UNISEX,https://www.onitsukatiger.com/jp/ja-jp/product/mexico-66-sd/1183C468_300.html,"https://asics.scene7.com/is/image/asics/1183C468_300_SB_FR_GLB?$otmag_zoom$&qlt=99,1",150
,Mexico 66 SD,1183C468.700,CRYSTAL PINK/CREAM,13860,UNISEX,https://www.onitsukatiger.com/jp/ja-jp/product/mexico-66-sd/1183C468_700.html,"https://asics.scene7.com/is/image/asics/1183C468_700_SB_FR_GLB?$otmag_zoom$&qlt=99,1",150
,Mexico 66 SD,1183C468.701,CLASSIC RED/CREAM,13860,UNISEX,https://www.onitsukatiger.com/jp/ja-jp/product/mexico-66-sd/1183C468_701.html,"https://asics.scene7.com/is/image/asics/1183C468_701_SB_FR_GLB?$otmag_zoom$&qlt=99,1",150
,Mexico 66 SD,1183C468.201,GOLD/CREAM,13860,UNISEX,https://www.onitsukatiger.com/jp/ja-jp/product/mexico-66-sd/1183C468_201.html,"https://asics.scene7.com/is/image/asics/1183C468_201_SB_FR_GLB?$otmag_zoom$&qlt=99,1",150
,Mexico 66 SD,1183C468.400,MIDNIGHT/CREAM,13860,UNISEX,https://www.onitsukatiger.com/jp/ja-jp/product/mexico-66-sd/1183C468_400.html,"https://asics.scene7.com/is/image/asics/1183C468_400_SB_FR_GLB?$otmag_zoom$&qlt=99,1",150
,Mexico 66 SD,1183C345.100,WHITE/PURE SILVER,15400,UNISEX,https://www.onitsukatiger.com/jp/ja-jp/product/mexico-66-sd/1183c345_100.html,"https://asics.scene7.com/is/image/asics/1183C345_100_SB_FR_GLB?$otmag_zoom$&qlt=99,1",170
,Mexico 66 SD,1183C345.101,WHITE/ROSE GOLD,15400,UNISEX,https://www.onitsukatiger.com/jp/ja-jp/product/mexico-66-sd/1183C345_101.html,"https://asics.scene7.com/is/image/asics/1183C345_101_SB_FR_GLB?$otmag_zoom$&qlt=99,1",170
,Mexico 66 SD,1183C310.401,PEACOAT/PEACOAT,17710,UNISEX,https://www.onitsukatiger.com/jp/ja-jp/product/mexico-66-sd/1183c310_401.html,"https://asics.scene7.com/is/image/asics/1183C310_401_SB_FR_GLB?$otmag_zoom$&qlt=99,1",180
,Mexico 66 SD,1183C310.001,BLACK/BLACK,17710,UNISEX,https://www.onitsukatiger.com/jp/ja-jp/product/mexico-66-sd/1183C310_001.html,"https://asics.scene7.com/is/image/asics/1183C310_001_SB_FR_GLB?$otmag_zoom$&qlt=99,1",180
,Mexico 66 SD,1183B500.020,GRAPHITE GREY/CARRIER GREY,18480,UNISEX,https://www.onitsukatiger.com/jp/ja-jp/product/mexico-66-sd/1183b500_020.html,"https://asics.scene7.com/is/image/asics/1183B500_020_SB_FR_GLB?$otmag_zoom$&qlt=99,1",190
,Mexico 66,1183C564.700,CRYSTAL PINK/COTTON CANDY,12320,UNISEX,https://www.onitsukatiger.com/jp/ja-jp/product/mexico-66/1183c564_700.html,"https://asics.scene7.com/is/image/asics/1183C564_700_SB_FR_GLB?$otmag_zoom$&qlt=99,1",130
,Mexico 66,1183C564.300,DRIED HERB/OFF-WHITE,12320,UNISEX,https://www.onitsukatiger.com/jp/ja-jp/product/mexico-66/1183C564_300.html,"https://asics.scene7.com/is/image/asics/1183C564_300_SB_FR_GLB?$otmag_zoom$&qlt=99,1",130
,Mexico 66,1183C563.250,BEIGE/BEIGE,14630,UNISEX,https://www.onitsukatiger.com/jp/ja-jp/product/mexico-66/1183c563_250.html,"https://asics.scene7.com/is/image/asics/1183C563_250_SB_FR_GLB?$otmag_zoom$&qlt=99,1",155
,Mexico 66,1183C563.020,OYSTER GREY/OYSTER GREY,14630,UNISEX,https://www.onitsukatiger.com/jp/ja-jp/product/mexico-66/1183C563_020.html,"https://asics.scene7.com/is/image/asics/1183C563_020_SB_FR_GLB?$otmag_zoom$&qlt=99,1",155
,Mexico 66,1183C563.200,BIRCH/BIRCH,14630,UNISEX,https://www.onitsukatiger.com/jp/ja-jp/product/mexico-66/1183C563_200.html,"https://asics.scene7.com/is/image/asics/1183C563_200_SB_FR_GLB?$otmag_zoom$&qlt=99,1",155
,Mexico 66,1183C480.021,PURE SILVER/PURE SILVER,15400,UNISEX,https://www.onitsukatiger.com/jp/ja-jp/product/mexico-66/1183c480_021.html,"https://asics.scene7.com/is/image/asics/1183C480_021_SB_FR_GLB?$otmag_zoom$&qlt=99,1",170
,Mexico 66,1183C480.001,GUNMETAL/GUNMETAL,15400,UNISEX,https://www.onitsukatiger.com/jp/ja-jp/product/mexico-66/1183C480_001.html,"https://asics.scene7.com/is/image/asics/1183C480_001_SB_FR_GLB?$otmag_zoom$&qlt=99,1",170
,Mexico 66 TGRS,1182A660.752,IVORY/CREAM,12320,WOMEN,https://www.onitsukatiger.com/jp/ja-jp/product/mexico-66-tgrs/1182a660_752.html,"https://asics.scene7.com/is/image/asics/1182A660_752_SB_FR_GLB?$otmag_zoom$&qlt=99,1",140
,Mexico 66 TGRS,1182A660.001,BLACK/BLACK,12320,WOMEN,https://www.onitsukatiger.com/jp/ja-jp/product/mexico-66-tgrs/1182A660_001.html,"https://asics.scene7.com/is/image/asics/1182A660_001_SB_FR_GLB?$otmag_zoom$&qlt=99,1",140
,Mexico 66 TGRS,1182A660.020,SILVER/CREAM,12320,WOMEN,https://www.onitsukatiger.com/jp/ja-jp/product/mexico-66-tgrs/1182A660_020.html,"https://asics.scene7.com/is/image/asics/1182A660_020_SB_FR_GLB?$otmag_zoom$&qlt=99,1",140
,Mexico 66 TGRS,1182A678.700,CRYSTAL PINK/GRAPHITE GREY,12320,WOMEN,https://www.onitsukatiger.com/jp/ja-jp/product/mexico-66-tgrs/1182a678_700.html,"https://asics.scene7.com/is/image/asics/1182A678_700_SB_FR_GLB?$otmag_zoom$&qlt=99,1",140
,Mexico 66 TGRS,1182A678.001,BLACK/CREAM,12320,WOMEN,https://www.onitsukatiger.com/jp/ja-jp/product/mexico-66-tgrs/1182A678_001.html,"https://asics.scene7.com/is/image/asics/1182A678_001_SB_FR_GLB?$otmag_zoom$&qlt=99,1",140
,Mexico 66 TGRS,1182A678.200,BIRCH/PEACOAT,12320,WOMEN,https://www.onitsukatiger.com/jp/ja-jp/product/mexico-66-tgrs/1182A678_200.html,"https://asics.scene7.com/is/image/asics/1182A678_200_SB_FR_GLB?$otmag_zoom$&qlt=99,1",140
,Mexico 66 TGRS,1182A678.750,YELLOW/BLACK,12320,WOMEN,https://www.onitsukatiger.com/jp/ja-jp/product/mexico-66-tgrs/1182A678_750.html,"https://asics.scene7.com/is/image/asics/1182A678_750_SB_FR_GLB?$otmag_zoom$&qlt=99,1",140
,Mexico 66 TGRS,1182A708.700,CLASSIC RED/CREAM,12320,WOMEN,https://www.onitsukatiger.com/jp/ja-jp/product/mexico-66-tgrs/1182a708_700.html,"https://asics.scene7.com/is/image/asics/1182A708_700_SB_FR_GLB?$otmag_zoom$&qlt=99,1",140
,Mexico 66 TGRS,1182A708.020,GUNMETAL/METROPOLIS,12320,WOMEN,https://www.onitsukatiger.com/jp/ja-jp/product/mexico-66-tgrs/1182A708_020.html,"https://asics.scene7.com/is/image/asics/1182A708_020_SB_FR_GLB?$otmag_zoom$&qlt=99,1",140
,Mexico 66 TGRS,1182A708.250,CHAMPAGNE/CREAM,12320,WOMEN,https://www.onitsukatiger.com/jp/ja-jp/product/mexico-66-tgrs/1182A708_250.html,"https://asics.scene7.com/is/image/asics/1182A708_250_SB_FR_GLB?$otmag_zoom$&qlt=99,1",140
,Mexico 66 TGRS,1182A708.701,CRYSTAL PINK/CREAM,12320,WOMEN,https://www.onitsukatiger.com/jp/ja-jp/product/mexico-66-tgrs/1182A708_701.html,"https://asics.scene7.com/is/image/asics/1182A708_701_SB_FR_GLB?$otmag_zoom$&qlt=99,1",140
,Mexico 66 TGRS,1182A705.250,BEIGE/BEIGE,13090,WOMEN,https://www.onitsukatiger.com/jp/ja-jp/product/mexico-66-tgrs/1182a705_250.html,"https://asics.scene7.com/is/image/asics/1182A705_250_SB_FR_GLB?$otmag_zoom$&qlt=99,1",150
,Mexico 66 TGRS,1182A705.001,BLACK/BLACK,13090,WOMEN,https://www.onitsukatiger.com/jp/ja-jp/product/mexico-66-tgrs/1182A705_001.html,"https://asics.scene7.com/is/image/asics/1182A705_001_SB_FR_GLB?$otmag_zoom$&qlt=99,1",150
,Mexico 66 TGRS,1182A705.020,OYSTER GREY/OYSTER GREY,13090,WOMEN,https://www.onitsukatiger.com/jp/ja-jp/product/mexico-66-tgrs/1182A705_020.html,"https://asics.scene7.com/is/image/asics/1182A705_020_SB_FR_GLB?$otmag_zoom$&qlt=99,1",150
,Mexico 66 TGRS,1182A677.700,PINK CAMEO/COTTON CANDY,13860,WOMEN,https://www.onitsukatiger.com/jp/ja-jp/product/mexico-66-tgrs/1182a677_700.html,"https://asics.scene7.com/is/image/asics/1182A677_700_SB_FR_GLB?$otmag_zoom$&qlt=99,1",150
,Mexico 66 TGRS,1182A677.001,BLACK/GUNMETAL,13860,WOMEN,https://www.onitsukatiger.com/jp/ja-jp/product/mexico-66-tgrs/1182A677_001.html,"https://asics.scene7.com/is/image/asics/1182A677_001_SB_FR_GLB?$otmag_zoom$&qlt=99,1",150
,Mexico 66 SLIP-ON,,,10010,,https://www.onitsukatiger.com/jp/ja-jp/product/mexico-66-slip-on/1183A360_205.html,,115
,Mexico 66 SLIP-ON,,,10010,,https://www.onitsukatiger.com/jp/ja-jp/product/mexico-66-slip-on/1183A360_121.html,,115
,Mexico 66 SLIP-ON,,,10010,,https://www.onitsukatiger.com/jp/ja-jp/product/mexico-66-slip-on/1183A360_401.html,,115
,Mexico 66 SLIP-ON,,,10010,,https://www.onitsukatiger.com/jp/ja-jp/product/mexico-66-slip-on/1183A360_002.html,,115
,Mexico 66 SLIP-ON,,,10010,,https://www.onitsukatiger.com/jp/ja-jp/product/mexico-66-slip-on/1183A360_131.html,,115
,Mexico 66 SLIP-ON,,,10010,,https://www.onitsukatiger.com/jp/ja-jp/product/mexico-66-slip-on/1183A360_132.html,,115
,Mexico 66 SLIP-ON,,,10010,,https://www.onitsukatiger.com/jp/ja-jp/product/mexico-66-slip-on/1183a746_751.html,,115
,Mexico 66 SLIP-ON,,,10010,,https://www.onitsukatiger.com/jp/ja-jp/product/mexico-66-slip-on/1183c141_100.html,,115
,MOAL 77 NM,,,24640,,https://www.onitsukatiger.com/jp/ja-jp/product/moal-77-nm/1183b761_201.html,,240
,MOAL 77 NM,,,24640,,https://www.onitsukatiger.com/jp/ja-jp/product/moal-77-nm/1183B761_301.html,,240
,Mexico 66 SD VIN,,,13860,,https://www.onitsukatiger.com/jp/ja-jp/product/mexico-66-sd/1183c015_200.html,,150
,Mexico 66 SD VIN,,,13860,,https://www.onitsukatiger.com/jp/ja-jp/product/mexico-66-sd/1183C015_101.html,,150
,Mexico 66 SD VIN,,,13860,,https://www.onitsukatiger.com/jp/ja-jp/product/mexico-66-sd/1183C015_104.html,,150
,Mexico 66 SD VIN,,,13860,,https://www.onitsukatiger.com/jp/ja-jp/product/mexico-66-sd/1183C015_201.html,,150
,Mexico 66 SD VIN,,,13860,,https://www.onitsukatiger.com/jp/ja-jp/product/mexico-66-sd/1183C015_202.html,,150
,Mexico 66 SD VIN,,,13860,,https://www.onitsukatiger.com/jp/ja-jp/product/mexico-66-sd/1183C015_205.html,,150
,Mexico 66 SD VIN,,,13860,,https://www.onitsukatiger.com/jp/ja-jp/product/mexico-66-sd/1183C015_106.html,,150
,Mexico 66 SD VIN,,,13860,,https://www.onitsukatiger.com/jp/ja-jp/product/mexico-66-sd/1183C015_400.html,,150